Company Names,Cars Names,Engines,CC/Battery Capacity,HorsePower,Total Speed,Performance(0 - 100 )KM/H,Cars Prices,Fuel Types,Seats,Torque,CC_Battery,Torque_Nm,Seats_Clean,Price,Power_Speed_Ratio
Ferrari,SF90 STRADALE,V8,3990 cc,963.0,340.0,2.5,"$1,100,000 ",Plug In Hyrbrid,2,800 Nm,3990.0,800.0,2.0,1100000.0,2.8323529411764707
Rolls Royce,PHANTOM,V12,6749 cc,563.0,250.0,5.3,"$460,000 ",Petrol,5,900 Nm,6749.0,900.0,5.0,460000.0,2.252
Ford,KA+,1.2L Petrol,"1,200 cc",77.5,165.0,10.5,"$12,000-$15,000",Petrol,5,100 - 140 Nm,1200.0,120.0,5.0,13500.0,0.4696969696969697
Mercedes,GT 63 S,V8,"3,982 cc",630.0,250.0,3.2,"$161,000 ",Petrol,4,900 Nm,3982.0,900.0,4.0,161000.0,2.52
Audi,AUDI R8 Gt,V10,"5,204 cc",602.0,320.0,3.6,"$253,290 ",Petrol,2,560 Nm,5204.0,560.0,2.0,253290.0,1.88125
Bmw,Mclaren 720s,V8,"3,994 cc",710.0,341.0,2.9,"$499,000 ",Petrol,2,770 Nm,3994.0,770.0,2.0,499000.0,2.0821114369501466
Aston Martin,VANTAGE F1,V8,"3,982 cc",656.0,314.0,3.6,"$193,440 ",Petrol,2,685 Nm,3982.0,685.0,2.0,193440.0,2.089171974522293
Bentley,Continental GT Azure,V8,"3,996 cc",550.0,318.0,4.0,"$311,000 ",Petrol,4,900 Nm,3996.0,900.0,4.0,311000.0,1.729559748427673
Lamborghini,VENENO ROADSTER,V12,"6,498 cc",750.0,356.0,2.9,"$4,500,000 ",Petrol,2,690 Nm,6498.0,690.0,2.0,4500000.0,2.106741573033708
Ferrari,F8 TRIBUTO,V8,"3,900 cc",710.0,340.0,2.9,"$280,000 ",Petrol,2,770 Nm,3900.0,770.0,2.0,280000.0,2.088235294117647
Ferrari,812 GTS,V12,6496 cc,789.0,340.0,2.9,"$350,000 ",Petrol,2,718 Nm,6496.0,718.0,2.0,350000.0,2.320588235294118
Ferrari,PORTOFINO,V8,"3,900 cc",592.0,320.0,3.2,"$210,000 ",Petrol,2+2,760 Nm,3900.0,760.0,4.0,210000.0,1.85
Ferrari,ROMA,V8,"3,900 cc",612.0,320.0,3.4,"$230,000 ",Petrol,2+2,760 Nm,3900.0,760.0,4.0,230000.0,1.9125
Ferrari,MONZA SP2,V12,"6,496 cc",789.0,340.0,2.9,"$1,700,000 ",Petrol,2,719 Nm,6496.0,719.0,2.0,1700000.0,2.320588235294118
Ferrari,F8 SPIDER,V8,"3,900 cc",710.0,340.0,2.9,"$280,000 ",Petrol,2,770 Nm,3900.0,770.0,2.0,280000.0,2.088235294117647
Ferrari,PORTOFINO M,V8,"3,900 cc",612.0,320.0,3.2,"$220,000 ",Petrol,2+2,760 Nm,3900.0,760.0,4.0,220000.0,1.9125
Ferrari,ROMA SPIDER,V8,"3,900 cc",612.0,320.0,3.4,"$240,000 ",Petrol,2+2,760 Nm,3900.0,760.0,4.0,240000.0,1.9125
Toyota,GR SUPRA,I4,"2,998 cc",382.0,250.0,4.1,"$53,900 ",Petrol,2,500 Nm,2998.0,500.0,2.0,53900.0,1.528
Toyota,TOYOTA 86,BOXER-4,"1,998 cc",205.0,226.0,6.4,"$27,000 ",Petrol,2+2,205 Nm,1998.0,205.0,4.0,27000.0,0.9070796460176991
Toyota,TOYOTA  GR86,BOXER-4,"2,387 cc",228.0,226.0,5.6,"$30,000 ",Petrol,4,250 Nm,2387.0,250.0,4.0,30000.0,1.008849557522124
Toyota,TOYOTA LAND CRUISER,V8,"5,663 cc",381.0,220.0,6.7,"$85,000 ",Diesel,7,500 Nm,5663.0,500.0,7.0,85000.0,1.731818181818182
Toyota,TOYOTA SEQUOIA,V8,"5,663 cc",381.0,200.0,6.9,"$50,000 ",Petrol,7,651 Nm,5663.0,651.0,7.0,50000.0,1.905
Nissan,GT-R,V6,"3,799 cc",600.0,315.0,2.9,"$113,000 ",Petrol,4,637 Nm,3799.0,637.0,4.0,113000.0,1.9047619047619047
Nissan,370Z,V6,"3,696 cc",332.0,250.0,4.7,"$30,000 ",Petrol,2,366 Nm,3696.0,366.0,2.0,30000.0,1.328
Nissan,Z PROTO,V6,"2,998 cc",400.0,290.0,4.1,"$40,000 ",Petrol,2,475 Nm,2998.0,475.0,2.0,40000.0,1.3793103448275863
Nissan,ALTIMA,I4,"2,488 cc",188.0,225.0,7.3,"$25,000 ",Petrol,5,380 Nm,2488.0,380.0,5.0,25000.0,0.8355555555555556
Nissan,MAXIMA,V6,"3,498 cc",300.0,240.0,5.8,"$35,000 ",Petrol,5,354 Nm,3498.0,354.0,5.0,35000.0,1.25
Nissan,SENTRA,I4,"1,998 cc",149.0,200.0,8.2,"$20,000 ",Petrol,5,240 Nm,1998.0,240.0,5.0,20000.0,0.745
Nissan,ROGUE,I4,"2,488 cc",201.0,200.0,7.5,"$28,000 ",Petrol,5,270 Nm,2488.0,270.0,5.0,28000.0,1.005
Nissan,PATHFINDER,V6,"3,498 cc",284.0,225.0,6.5,"$35,000 ",Petrol,7,351 Nm,3498.0,351.0,7.0,35000.0,1.2622222222222221
Nissan,FRONTIER,V6,"3,799 cc",310.0,180.0,6.8,"$30,000 ",Petrol,5,381 Nm,3799.0,381.0,5.0,30000.0,1.7222222222222223
Nissan,TITAN,V8,"5,598 cc",400.0,200.0,5.9,"$40,000 ",Petrol,5,560 Nm,5598.0,560.0,5.0,40000.0,2.0
Aston Martin,VALKYRIE,V12,"6,496 cc",1160.0,402.0,2.5,"$3,200,000 ",Hybrid,2,900 Nm,6496.0,900.0,2.0,3200000.0,2.8855721393034828
Aston Martin,VALHALLA,V8,"3,996 cc",1000.0,362.0,2.5,"$1,100,000 ",Hybrid,2,1000 Nm,3996.0,1000.0,2.0,1100000.0,2.7624309392265194
Aston Martin,DBS SUPERLEGGERA,V12,"5,204 cc",715.0,340.0,3.4,"$316,000 ",Petrol,2,900 Nm,5204.0,900.0,2.0,316000.0,2.1029411764705883
Aston Martin,DB11,V12,"5,204 cc",600.0,322.0,3.9,"$208,000 ",Petrol,4,700 Nm,5204.0,700.0,4.0,208000.0,1.8633540372670807
Aston Martin,VANTAGE,V8,"3,996 cc",503.0,313.0,3.6,"$142,000 ",Petrol,2,685 Nm,3996.0,685.0,2.0,142000.0,1.6070287539936101
Aston Martin,DBX,V8,"3,996 cc",542.0,291.0,4.5,"$189,000 ",Petrol,5,700 Nm,3996.0,700.0,5.0,189000.0,1.8625429553264605
Aston Martin,RAPIDE AMR,V12,"5,935 cc",580.0,328.0,4.2,"$240,000 ",Petrol,4,630 Nm,5935.0,630.0,4.0,240000.0,1.7682926829268293
Aston Martin,VANQUISH,V12,"5,935 cc",580.0,324.0,3.6,"$294,000 ",Petrol,2,630 Nm,5935.0,630.0,2.0,294000.0,1.7901234567901234
Aston Martin,LAGONDA TARAF,V12,"5,935 cc",540.0,314.0,4.2,"$1,100,000 ",Petrol,4,630 Nm,5935.0,630.0,4.0,1100000.0,1.7197452229299364
Aston Martin,VICTOR,V12,"5,204 cc",836.0,320.0,2.8,"$1,300,000 ",Petrol,2,821 Nm,5204.0,821.0,2.0,1300000.0,2.6125
Lamborghini,SIAN,V12,"6,498 cc",819.0,350.0,2.8,"$2,800,000 ",Hybrid,2,720 Nm,6498.0,720.0,2.0,2800000.0,2.34
Lamborghini,AVENTADOR SVJ,V12,"6,498 cc",759.0,350.0,2.8,"$518,000 ",Petrol,2,720 Nm,6498.0,720.0,2.0,518000.0,2.1685714285714286
Lamborghini,HURACAN PERFORMANTE,V10,"5,204 cc",640.0,325.0,2.9,"$274,000 ",Petrol,2,600 Nm,5204.0,600.0,2.0,274000.0,1.9692307692307693
Lamborghini,HURACAN EVO,V10,"5,204 cc",640.0,325.0,2.9,"$261,000 ",Petrol,2,600 Nm,5204.0,600.0,2.0,261000.0,1.9692307692307693
Lamborghini,AVENTADOR SV,V12,"6,498 cc",740.0,350.0,2.8,"$493,000 ",Petrol,2,690 Nm,6498.0,690.0,2.0,493000.0,2.1142857142857143
Lamborghini,URUS,V8,"3,996 cc",641.0,305.0,3.6,"$211,000 ",Petrol,5,850 Nm,3996.0,850.0,5.0,211000.0,2.101639344262295
Lamborghini,HURACAN SPYDER,V10,"5,204 cc",610.0,325.0,3.4,"$287,000 ",Petrol,2,600 Nm,5204.0,600.0,2.0,287000.0,1.876923076923077
Lamborghini,AVENTADOR ROADSTER,V12,"6,498 cc",700.0,350.0,3.0,"$445,000 ",Petrol,2,690 Nm,6498.0,690.0,2.0,445000.0,2.0
Lamborghini,HURACAN  PERFORMANTE SPYDER,V10,"5,204 cc",640.0,325.0,3.1,"$308,000 ",Petrol,2,600 Nm,5204.0,600.0,2.0,308000.0,1.9692307692307693
Lamborghini,AVENTADOR S,V12,"6,498 cc",740.0,350.0,2.9,"$421,000 ",Petrol,2,690 Nm,6498.0,690.0,2.0,421000.0,2.1142857142857143
Lamborghini,HURACAN EVO SPYDER,V10,"5,204 cc",640.0,325.0,3.1,"$287,000 ",Petrol,2,600 Nm,5204.0,600.0,2.0,287000.0,1.9692307692307693
Lamborghini,URUS PERFORMANTE,V8,"3,996 cc",641.0,305.0,3.3,"$242,000 ",Petrol,5,850 Nm,3996.0,850.0,5.0,242000.0,2.101639344262295
Lamborghini,AVENTADOR ULTIMAE,V12,"6,498 cc",769.0,355.0,2.8,"$545,000 ",Petrol,2,720 Nm,6498.0,720.0,2.0,545000.0,2.1661971830985913
Lamborghini,HURACAN EVO RWD,V10,"5,204 cc",610.0,325.0,3.3,"$258,000 ",Petrol,2,560 Nm,5204.0,560.0,2.0,258000.0,1.876923076923077
Lamborghini,AVENTADOR SVJ ROADSTER,V12,"6,498 cc",759.0,350.0,2.9,"$573,000 ",Petrol,2,720 Nm,6498.0,720.0,2.0,573000.0,2.1685714285714286
Lamborghini,URUS S,V8,"3,996 cc",671.0,305.0,3.3,"$263,000 ",Petrol,5,850 Nm,3996.0,850.0,5.0,263000.0,2.2
Lamborghini,HURACAN STO,V10,"5,204 cc",640.0,325.0,3.0,"$327,000 ",Petrol,2,565 Nm,5204.0,565.0,2.0,327000.0,1.9692307692307693
Lamborghini,AVENTADOR LP 780-4 ULTIMATE,V12,"6,498 cc",769.0,355.0,2.8,"$545,000 ",Petrol,2,720 Nm,6498.0,720.0,2.0,545000.0,2.1661971830985913
Lamborghini,HURACAN EVO RWD SPYDER,V10,"5,204 cc",610.0,325.0,3.3,"$273,000 ",Petrol,2,600 Nm,5204.0,600.0,2.0,273000.0,1.876923076923077
Lamborghini,AVENTADOR SVJ XAGO,V12,"6,498 cc",759.0,350.0,2.9,"$603,000 ",Petrol,2,720 Nm,6498.0,720.0,2.0,603000.0,2.1685714285714286
Lamborghini,URUS GRAPHITE CAPSULE,V8,"3,998 cc",641.0,305.0,3.3,"$253,000 ",Petrol,5,850 Nm,3998.0,850.0,5.0,253000.0,2.101639344262295
Lamborghini,HURACAN STO EVO,V10,"5,204 cc",640.0,325.0,3.0,"$342,000 ",Petrol,2,565 Nm,5204.0,565.0,2.0,342000.0,1.9692307692307693
Lamborghini,AVENTADOR LP 780-4 ULTIMATE ROADSTER,V12,"6,498 cc",769.0,355.0,2.8,"$573,000 ",Petrol,2,720 Nm,6498.0,720.0,2.0,573000.0,2.1661971830985913
Rolls Royce,GHOST,V12,"6,592 cc",591.0,250.0,4.8,"$332,000 ",Petrol,5,850 Nm,6592.0,850.0,5.0,332000.0,2.364
Rolls Royce,WRAITH,V12,"6,592 cc",624.0,250.0,4.4,"$330,000 ",Petrol,4,870 Nm,6592.0,870.0,4.0,330000.0,2.496
Rolls Royce,DAWN,V12,"6,592 cc",624.0,250.0,4.9,"$360,000 ",Petrol,4,870 Nm,6592.0,870.0,4.0,360000.0,2.496
Rolls Royce,CULLINAN,V12,"6,749 cc",563.0,250.0,5.2,"$325,000 ",Petrol,5,850 Nm,6749.0,850.0,5.0,325000.0,2.252
Rolls Royce,PHANTOM EXTENDED,V12,"6,749 cc",563.0,250.0,5.3,"$500,000 ",Petrol,5,900 Nm,6749.0,900.0,5.0,500000.0,2.252
Rolls Royce,GHOST EXTENDED,V12,"6,592 cc",591.0,250.0,4.8,"$370,000 ",Petrol,5,850 Nm,6592.0,850.0,5.0,370000.0,2.364
Rolls Royce,WRAITH BLACK BADGE,V12,"6,592 cc",624.0,250.0,4.3,"$360,000 ",Petrol,4,870 Nm,6592.0,870.0,4.0,360000.0,2.496
Rolls Royce,DAWN BLACK BADGE,V12,"6,592 cc",624.0,250.0,4.8,"$390,000 ",Petrol,4,870 Nm,6592.0,870.0,4.0,390000.0,2.496
Rolls Royce,CULLINAN BLACK BADGE,V12,"6,749 cc",563.0,250.0,5.1,"$350,000 ",Petrol,5,850 Nm,6749.0,850.0,5.0,350000.0,2.252
Rolls Royce,PHANTOM COUPE,V12,"6,749 cc",563.0,250.0,5.3,"$450,000 ",Petrol,4,870 Nm,6749.0,870.0,4.0,450000.0,2.252
Rolls Royce,GHOST COUPE,V12,"6,592 cc",591.0,250.0,4.8,"$340,000 ",Petrol,4,850 Nm,6592.0,850.0,4.0,340000.0,2.364
Rolls Royce,WRAITH COUPE,V12,"6,592 cc",624.0,250.0,4.4,"$330,000 ",Petrol,4,870 Nm,6592.0,870.0,4.0,330000.0,2.496
Rolls Royce,DAWN CONVERTIBLE,V12,"6,592 cc",624.0,250.0,4.9,"$380,000 ",Petrol,4,870 Nm,6592.0,870.0,4.0,380000.0,2.496
Rolls Royce,CULLINAN SUV,V12,"6,749 cc",563.0,250.0,5.2,"$320,000 ",Petrol,5,850 Nm,6749.0,850.0,5.0,320000.0,2.252
Mercedes,BENZ S-CLASS S 580,V8,"3,982 cc",496.0,250.0,4.4,"$116,000 ",Petrol,5,700 Nm,3982.0,700.0,5.0,116000.0,1.984
Mercedes,BENZ E-CLASS E 63 S,V8,"3,982 cc",603.0,250.0,3.4,"$104,000 ",Petrol,5,850 Nm,3982.0,850.0,5.0,104000.0,2.412
Mercedes,BENZ CLA 45 AMG,I4,1991 cc,382.0,250.0,4.1,"$53,000 ",Petrol,5,500 Nm,1991.0,500.0,5.0,53000.0,1.528
Mercedes,BENZ GLE 63 S,V8,"3,982 cc",603.0,250.0,4.2,"$113,000 ",Petrol,5,850 Nm,3982.0,850.0,5.0,113000.0,2.412
Mercedes,BENZ S-CLASS S 500,V6,"2,996 cc",429.0,250.0,4.9,"$109,000 ",Petrol,5,700 Nm,2996.0,700.0,5.0,109000.0,1.716
Mercedes,BENZ E-CLASS E 450,V6,"2,996 cc",362.0,250.0,5.2,"$62,000 ",Petrol,5,500 Nm,2996.0,500.0,5.0,62000.0,1.448
Mercedes,BENZ CLS 450,V6,"2,996 cc",362.0,250.0,5.2,"$70,000 ",Petrol,5,500 Nm,2996.0,500.0,5.0,70000.0,1.448
Mercedes,BENZ GT 53,V6,"2,996 cc",429.0,250.0,4.5,"$99,000 ",Petrol,5,700 Nm,2996.0,700.0,5.0,99000.0,1.716
Mercedes,BENZ GLE 450,V6,"2,996 cc",362.0,250.0,5.5,"$63,000 ",Petrol,5,500 Nm,2996.0,500.0,5.0,63000.0,1.448
Mercedes,BENZ A-CLASS A 45 S,I4,"1,991 cc",416.0,250.0,3.9,"$53,000 ",Petrol,5,500 Nm,1991.0,500.0,5.0,53000.0,1.664
Mercedes,BENZ C-CLASS C 43,V6,"2,996 cc",402.0,250.0,4.7,"$52,000 ",Petrol,5,520 Nm,2996.0,520.0,5.0,52000.0,1.608
Mercedes,BENZ E-CLASS E 350,I4,"1,991 cc",255.0,250.0,5.7,"$49,000 ",Petrol,5,500 Nm,1991.0,500.0,5.0,49000.0,1.02
Mercedes,BENZ GLE 350,I4,"1,991 cc",255.0,250.0,6.1,"$53,000 ",Petrol,5,500 Nm,1991.0,500.0,5.0,53000.0,1.02
Mercedes,BENZ GLC 43,V6,"2,996 cc",402.0,250.0,4.7,"$54,000 ",Petrol,5,520 Nm,2996.0,520.0,5.0,54000.0,1.608
Mercedes,BENZ GLA 45,I4,"1,991 cc",382.0,250.0,4.3,"$48,000 ",Petrol,5,500 Nm,1991.0,500.0,5.0,48000.0,1.528
Mercedes,BENZ GLC 350,I4,"1,991 cc",255.0,250.0,6.1,"$46,000 ",Petrol,5,500 Nm,1991.0,500.0,5.0,46000.0,1.02
Mercedes,BENZ GLE 53,V6,"2,996 cc",429.0,250.0,5.2,"$71,000 ",Petrol,5,620 Nm,2996.0,620.0,5.0,71000.0,1.716
Mercedes,BENZ S-CLASS S 350,I4,"1,991 cc",255.0,250.0,6.5,"$90,000 ",Petrol,5,500 Nm,1991.0,500.0,5.0,90000.0,1.02
Mercedes,BENZ EQS 53,ELECTRIC MOTOR,,751.0,250.0,3.4,"$102,000 ",Electric,5,950 Nm,2500.0,950.0,5.0,102000.0,3.004
Mercedes,BENZ MAYBACH S 680,V12,"5,980 cc",630.0,250.0,4.7,"$200,000 ",Petrol,5,1000 Nm,5980.0,1000.0,5.0,200000.0,2.52
Bmw,M5 CS,V8,"4,395 cc",627.0,305.0,3.0,"$142,000 ",Petrol,5,750 Nm,4395.0,750.0,5.0,142000.0,2.055737704918033
Bmw,M4 GTS,I6,"2,993 cc",493.0,305.0,3.7,"$133,000 ",Petrol,4,600 Nm,2993.0,600.0,4.0,133000.0,1.616393442622951
Bmw,M3 COMPETITION,I6,"2,993 cc",503.0,285.0,3.5,"$76,000 ",Petrol,5,650 Nm,2993.0,650.0,5.0,76000.0,1.7649122807017543
Bmw,M2 CS,I6,"2,993 cc",444.0,280.0,4.0,"$83,000 ",Petrol,4,550 Nm,2993.0,550.0,4.0,83000.0,1.5857142857142856
Bmw,X5 M COMPETITION,V8,"4,935 cc",523.0,285.0,4.1,"$114,000 ",Petrol,5,750 Nm,4935.0,750.0,5.0,114000.0,1.8350877192982455
Bmw,X3 M COMPETITION,I6,"2,993 cc",503.0,285.0,4.1,"$69,000 ",Petrol,5,650 Nm,2993.0,650.0,5.0,69000.0,1.7649122807017543
Bmw,M8 GRAN COUPE,V8,"4,395 cc",523.0,305.0,3.3,"$146,000 ",Petrol,5,750 Nm,4395.0,750.0,5.0,146000.0,1.7147540983606557
Bmw,M850i DRIVE COUPE,V8,"4,935 cc",523.0,285.0,3.7,"$108,000 ",Petrol,4,750 Nm,4935.0,750.0,4.0,108000.0,1.8350877192982455
Rolls Royce,DAWN BLACK BADGE VOLANTE,V12,"6,592 cc",563.0,250.0,4.8,"$398,000 ",Petrol,4,840 Nm,6592.0,840.0,4.0,398000.0,2.252
Rolls Royce,CULLINAN BLACK BADGE SUV,V12,"6,749 cc",563.0,250.0,5.1,"$381,000 ",Petrol,5,850 Nm,6749.0,850.0,5.0,381000.0,2.252
Rolls Royce,PHATOM TRANQUILITY,V12,"6,749 cc",563.0,250.0,5.3,"$475,000 ",Petrol,5,900 Nm,6749.0,900.0,5.0,475000.0,2.252
Rolls Royce,GHOST ZENITH,V12,"6,749 cc",563.0,250.0,4.9,"$335,000 ",Petrol,5,900 Nm,6749.0,900.0,5.0,335000.0,2.252
Rolls Royce,WRAITH EAGLE VIII,V12,"6,592 cc",623.0,250.0,4.5,"$349,000 ",Petrol,4,800 Nm,6592.0,800.0,4.0,349000.0,2.492
Rolls Royce,PHATOM ORCHID,V12,"6,749 cc",563.0,250.0,5.3,"$495,000 ",Petrol,5,900 Nm,6749.0,900.0,5.0,495000.0,2.252
Rolls Royce,GHOST AZURE,V12,"6,749 cc",563.0,250.0,4.9,"$355,000 ",Petrol,5,900 Nm,6749.0,900.0,5.0,355000.0,2.252
Rolls Royce,WRAITH KRYPTOS,V12,"6,592 cc",623.0,250.0,4.5,"$369,000 ",Petrol,4,800 Nm,6592.0,800.0,4.0,369000.0,2.492
Rolls Royce,DAWN SILVER BULLET,V12,"6,592 cc",563.0,250.0,4.8,"$418,000 ",Petrol,4,840 Nm,6592.0,840.0,4.0,418000.0,2.252
Rolls Royce,CULLINAN FUX ORANGE,V12,"6,749 cc",563.0,250.0,5.1,"$401,000 ",Petrol,5,850 Nm,6749.0,850.0,5.0,401000.0,2.252
Rolls Royce,PHANTOM CELESTIAL,V12,"6,749 cc",563.0,250.0,5.3,"$515,000 ",Petrol,5,900 Nm,6749.0,900.0,5.0,515000.0,2.252
Rolls Royce,GHOST MYSORE,V12,"6,749 cc",563.0,250.0,4.9,"$375,000 ",Petrol,5,900 Nm,6749.0,900.0,5.0,375000.0,2.252
Rolls Royce,WRAITH LUMINARY,V12,"6,592 cc",623.0,250.0,4.5,"$389,000 ",Petrol,4,800 Nm,6592.0,800.0,4.0,389000.0,2.492
Rolls Royce,DAWN BLACK BADGE ADAMAS,V12,"6,592 cc",563.0,250.0,4.8,"$439,000 ",Petrol,4,840 Nm,6592.0,840.0,4.0,439000.0,2.252
Rolls Royce,CULLINAN RED DIAMOND,V12,"6,749 cc",563.0,250.0,5.1,"$421,000 ",Petrol,5,850 Nm,6749.0,850.0,5.0,421000.0,2.252
Audi,R8 V10 PLUS,V10,"5,204 cc",610.0,330.0,3.2,"$194,000 ",Petrol,2,560 Nm,5204.0,560.0,2.0,194000.0,1.8484848484848484
Audi,RS7 SPORTBACK,V8,"3,993 cc",591.0,305.0,3.6,"$114,000 ",Petrol,5,800 Nm,3993.0,800.0,5.0,114000.0,1.937704918032787
Audi,S8,V8,"3,993 cc",563.0,305.0,4.3,"$101,000 ",Petrol,5,800 Nm,3993.0,800.0,5.0,101000.0,1.8459016393442622
Audi,RS6 AVANT,V8,"3,993 cc",591.0,305.0,3.6,"$109,000 ",Petrol,5,800 Nm,3993.0,800.0,5.0,109000.0,1.937704918032787
Audi,S7 SPORTBACK,V8,"3,993 cc",563.0,305.0,4.3,"$96,000 ",Petrol,5,650 Nm,3993.0,650.0,5.0,96000.0,1.8459016393442622
Audi,A8,V6,"2,995 cc",335.0,250.0,5.7,"$86,000 ",Petrol,5,600 Nm,2995.0,600.0,5.0,86000.0,1.34
Audi,S5 COUPE,V6,"2,995 cc",349.0,250.0,4.8,"$64,000 ",Petrol,4,500 Nm,2995.0,500.0,4.0,64000.0,1.396
Audi,SQ5,V6,"2,995 cc",349.0,250.0,5.4,"$62,000 ",Petrol,5,500 Nm,2995.0,500.0,5.0,62000.0,1.396
Audi,S4 SEDAN,V6,"2,995 cc",349.0,250.0,4.7,"$59,000 ",Petrol,5,500 Nm,2995.0,500.0,5.0,59000.0,1.396
Audi,S3 SEDAN,I4,"1,984 cc",306.0,250.0,4.8,"$52,000 ",Petrol,5,400 Nm,1984.0,400.0,5.0,52000.0,1.224
Audi,Q7,V6,"2,995 cc",335.0,250.0,6.3,"$60,000 ",Petrol,7,600 Nm,2995.0,600.0,7.0,60000.0,1.34
Audi,Q5,I4,"1,984 cc",248.0,240.0,6.3,"$43,000 ",Petrol,5,500 Nm,1984.0,500.0,5.0,43000.0,1.0333333333333334
Audi,A7,V6,"2,995 cc",335.0,250.0,5.7,"$68,000 ",Petrol,5,600 Nm,2995.0,600.0,5.0,68000.0,1.34
Audi,A6,V6,"2,995 cc",335.0,250.0,5.7,"$58,000 ",Petrol,5,600 Nm,2995.0,600.0,5.0,58000.0,1.34
Audi,A5 COUPE,I4,"1,984 cc",248.0,240.0,6.3,"$45,000 ",Petrol,4,500 Nm,1984.0,500.0,4.0,45000.0,1.0333333333333334
Audi,A4,I4,"1,984 cc",248.0,240.0,6.5,"$39,000 ",Petrol,5,400 Nm,1984.0,400.0,5.0,39000.0,1.0333333333333334
Audi,Q3,I4,"1,984 cc",248.0,230.0,7.3,"$35,000 ",Petrol,5,400 Nm,1984.0,400.0,5.0,35000.0,1.0782608695652174
Audi,E-TRON,ELECTRIC,95 kwh,402.0,200.0,5.5,"$75,000 ",Electric,5,664 Nm,2500.0,664.0,5.0,75000.0,2.01
Audi,E-TRON SPORTBACK,ELECTRIC,95 kwh,402.0,200.0,5.5,"$78,000 ",Electric,5,664 Nm,2500.0,664.0,5.0,78000.0,2.01
Audi,TT COUPE,I4,"1,984 cc",248.0,250.0,5.3,"$49,000 ",Petrol,2,400 Nm,1984.0,400.0,2.0,49000.0,0.992
Bmw,I8 ROADSTER,ELECTRIC MOTOR,11.6 kwh,369.0,250.0,4.4,"$165,000 ",Hybrid,2,570 Nm,2500.0,570.0,2.0,165000.0,1.476
Bmw,330i,I4,"1,998 cc",255.0,250.0,5.6,"$45,000 ",Petrol,5,400 Nm,1998.0,400.0,5.0,45000.0,1.02
Bmw,M340i XDRIVE,I6,"2,998 cc",382.0,250.0,4.1,"$57,000 ",Petrol,5,500 Nm,2998.0,500.0,5.0,57000.0,1.528
Bmw,430i COUPE,I4,"1,998 cc",255.0,250.0,5.8,"$48,000 ",Petrol,4,400 Nm,1998.0,400.0,4.0,48000.0,1.02
Bmw,M4 COMPETITION,I6,"2,993 cc",503.0,290.0,3.8,"$81,000 ",Petrol,4,650 Nm,2993.0,650.0,4.0,81000.0,1.7344827586206897
Bmw,530i,I4,"1,998 cc",248.0,250.0,5.9,"$57,000 ",Petrol,5,400 Nm,1998.0,400.0,5.0,57000.0,0.992
Bmw,M550i XDRIVE,V8,"4,395 cc",523.0,250.0,3.6,"$78,000 ",Petrol,5,650 Nm,4395.0,650.0,5.0,78000.0,2.092
Bmw,118i,I3,"1,499 cc",136.0,213.0,8.5,"$32,000 ",Petrol,5,220 Nm,1499.0,220.0,5.0,32000.0,0.6384976525821596
Bmw,128ti,I4,"1,998 cc",261.0,250.0,6.1,"$42,000 ",Petrol,5,400 Nm,1998.0,400.0,5.0,42000.0,1.044
Bmw,M135i XDRIVE,I4,"1,998 cc",302.0,250.0,4.8,"$30,000 ",Petrol,5,450 Nm,1998.0,450.0,5.0,30000.0,1.208
Bmw,116D,I3,"1,496 cc",116.0,200.0,10.3,"$30,000 ",Diesel,5,280 Nm,1496.0,280.0,5.0,30000.0,0.58
Bmw,120D XDRIVE,I4,"1,995 cc",190.0,230.0,6.9,"$38,000 ",Diesel,5,400 Nm,1995.0,400.0,5.0,38000.0,0.8260869565217391
Bmw,116i,I3,"1,499 cc",109.0,200.0,10.9,"$28,000 ",Petrol,5,200 Nm,1499.0,200.0,5.0,28000.0,0.545
Bmw,118D,I4,"1,995 cc",150.0,216.0,8.4,"$34,000 ",Diesel,5,380 Nm,1995.0,380.0,5.0,34000.0,0.6944444444444444
Bmw,120i,I4,"1,998 cc",178.0,230.0,7.1,"$37,000 ",Petrol,5,300 Nm,1998.0,300.0,5.0,37000.0,0.7739130434782608
Bmw,125i,I4,"1,998 cc",224.0,240.0,6.1,"$42,000 ",Petrol,5,400 Nm,1998.0,400.0,5.0,42000.0,0.9333333333333333
Bmw,114D,I3,"1,496 cc",95.0,185.0,12.2,"$27,000 ",Diesel,5,270 Nm,1496.0,270.0,5.0,27000.0,0.5135135135135135
Bmw,114i,I4,"1,598 cc",102.0,195.0,11.2,"$26,000 ",Petrol,5,200 Nm,1598.0,200.0,5.0,26000.0,0.5230769230769231
Bmw,125D,I4,"1,995 cc",224.0,240.0,6.3,"$44,000 ",Diesel,5,400 Nm,1995.0,400.0,5.0,44000.0,0.9333333333333333
Bmw,118i XDRIVE,I3,"1,499 cc",136.0,211.0,8.9,"$34,000 ",Petrol,5,250 Nm,1499.0,250.0,5.0,34000.0,0.6445497630331753
Bmw,116D EFFICIENTDYNAMICS,I3,"1,496 cc",116.0,200.0,10.9,"$30,000 ",Diesel,5,270 Nm,1496.0,270.0,5.0,30000.0,0.58
Bmw,118i SPORTLINE,I3,"1,499 cc",136.0,213.0,8.5,"$35,000 ",Petrol,5,250 Nm,1499.0,250.0,5.0,35000.0,0.6384976525821596
Bmw,118i M SPORT,I3,"1,499 cc",136.0,213.0,8.5,"$37,000 ",Petrol,5,250 Nm,1499.0,250.0,5.0,37000.0,0.6384976525821596
Bmw,120i M SPORT,I4,"1,998 cc",178.0,230.0,7.1,"$39,000 ",Petrol,5,300 Nm,1998.0,300.0,5.0,39000.0,0.7739130434782608
Bmw,116i EFFICIENTDYNAMICS,I4,"1,598 cc",109.0,195.0,10.9,"$29,000 ",Petrol,5,200 Nm,1598.0,200.0,5.0,29000.0,0.558974358974359
Bmw,116D ADVANTAGE,I3,"1,496 cc",116.0,200.0,10.5,"$31,000 ",Diesel,5,270 Nm,1496.0,270.0,5.0,31000.0,0.58
Bmw,120D EFFICIENTDYNAMICS,I4,"1,995 cc",163.0,225.0,7.7,"$39,000 ",Diesel,5,400 Nm,1995.0,400.0,5.0,39000.0,0.7244444444444444
Bmw,118i SHADOW LINE,I3,"1,499 cc",136.0,213.0,8.5,"$36,000 ",Petrol,5,250 Nm,1499.0,250.0,5.0,36000.0,0.6384976525821596
Bmw,118D SPORT LINE,I4,"1,995 cc",150.0,216.0,8.4,"$36,000 ",Diesel,5,380 Nm,1995.0,380.0,5.0,36000.0,0.6944444444444444
Bmw,120i XDRIVE,I4,"1,998 cc",178.0,230.0,7.2,"$40,000 ",Petrol,5,300 Nm,1998.0,300.0,5.0,40000.0,0.7739130434782608
Bmw,114D SPORT LINE,I3,"1,496 cc",95.0,185.0,12.2,"$28,000 ",Diesel,5,270 Nm,1496.0,270.0,5.0,28000.0,0.5135135135135135
Bmw,118i URBAN LINE,I3,"1,499 cc",136.0,213.0,8.5,"$35,000 ",Petrol,5,250 Nm,1499.0,250.0,5.0,35000.0,0.6384976525821596
Volvo,XC90,I6,"1,969 cc",247.0,200.0,6.5,"$60,000 ",Petrol/Diesel,7,400 Nm,1969.0,400.0,7.0,60000.0,1.235
Volvo,XC60,I6,"1,969 cc",247.0,220.0,6.4,"$55,000 ",Petrol/Diesel,5,400 Nm,1969.0,400.0,5.0,55000.0,1.1227272727272728
Volvo,S90,I6,"1,969 cc",295.0,250.0,5.9,"$60,000 ",Petrol/Diesel,5,400 Nm,1969.0,400.0,5.0,60000.0,1.18
Kia,SPORTAGE LX,I4,"2,480 cc",187.0,200.0,8.0,"$27,000 ",Petrol,5,250 Nm,2480.0,250.0,5.0,27000.0,0.935
Kia,SPORTAGE EX,I4,"2,480 cc",187.0,200.0,8.0,"$30,000 ",Petrol,5,250 Nm,2480.0,250.0,5.0,30000.0,0.935
Kia,SPORTAGE GT-LINE,I4,"2,480 cc",187.0,200.0,8.0,"$32,000 ",Petrol,5,350 Nm,2480.0,350.0,5.0,32000.0,0.935
Kia,SPORTAGE SX TURBO,I4,"1,998 cc",240.0,210.0,6.7,"$36,000 ",Petrol,5,400 Nm,1998.0,400.0,5.0,36000.0,1.1428571428571428
Kia,SPORTAGE NIGHTFALL EDITION,I4,"2,480 cc",187.0,200.0,8.0,"$33,000 ",Petrol,5,350 Nm,2480.0,350.0,5.0,33000.0,0.935
Honda,CIVIC TYPE R,I4,"1,996 cc",315.0,272.0,5.7,"$44,000 ",Petrol,5,400 Nm,1996.0,400.0,5.0,44000.0,1.1580882352941178
Kia,SPORTAGE PHEV,I4 + ELECTRIC,"1,600 cc / 13.8 kwh",261.0,180.0,8.0,"$41,000 ",Plug-In Hybrid,5,350 Nm,2500.0,350.0,5.0,41000.0,1.45
Kia,SPORTAGE 2024(BASE MODEL),I4,"2,480 cc",187.0,200.0,8.0,"$26,000 ",Petrol,5,250 Nm,2480.0,250.0,5.0,26000.0,0.935
Kia,SPORTAGE 2024(TOP TRIM),I4,"1,998 cc",240.0,210.0,6.7,"$38,000 ",Petrol,5,400 Nm,1998.0,400.0,5.0,38000.0,1.1428571428571428
Kia,SPORTAGE 2024(BASE AWD),I4,"2,480 cc",187.0,200.0,8.3,"$29,000 ",Petrol/Awd,5,250 Nm,2480.0,250.0,5.0,29000.0,0.935
Kia,SPORTAGE X-LINE,I4,"2,480 cc",187.0,200.0,8.0,"$32,500 ",Petrol,5,350 Nm,2480.0,350.0,5.0,32500.0,0.935
Kia,SPORTAGE 2024(S TRIM),I4,"2,480 cc",187.0,200.0,8.2,"$28,000 ",Petrol,5,250 Nm,2480.0,250.0,5.0,28000.0,0.935
Honda,ACCORD,I4,"1,498 cc",192.0,201.0,7.1,"$29,400 ",Petrol,5,370 Nm,1498.0,370.0,5.0,29400.0,0.9552238805970149
Kia,SPORTAGE 2024(HYBRID AWD),I4 + ELECTRIC,"1,600 cc / 1.49 kwh",227.0,180.0,8.0,"$37,000 ",Hybrid,5,350 Nm,2500.0,350.0,5.0,37000.0,1.261111111111111
Kia,SPORTAGE 2024(PLUG-IN HYBRID AWD),I4 + ELECTRIC,"1,598 cc / 13.8 kwh",261.0,180.0,7.9,"$42,000 ",Plug-In Hybrid,5,350 Nm,2500.0,350.0,5.0,42000.0,1.45
Kia,SPORTAGE 2024(X-PRO),I4,"2,480 cc",187.0,200.0,8.1,"$36,000 ",Petrol,5,400 Nm,2480.0,400.0,5.0,36000.0,0.935
Kia,SPORTAGE 2024(X-PRO PRESTIGE),I4,"2,480 cc",187.0,200.0,8.1,"$38,000 ",Petrol,5,400 Nm,2480.0,400.0,5.0,38000.0,0.935
Kia,SPORTAGE 2024(SX TURBO AWD),I4,"1,998 cc",240.0,210.0,6.5,"$40,000 ",Petrol/Awd,5,400 Nm,1998.0,400.0,5.0,40000.0,1.1428571428571428
Kia,SPORTAGE 2024(BASE FWD),I4,"2,480 cc",187.0,200.0,8.5,"$26,500 ",Petrol,5,250 Nm,2480.0,250.0,5.0,26500.0,0.935
Honda,CR-V,I4,"1,498 cc",190.0,186.0,8.2,"$30,000 ",Petrol/Hybrid,5,400 Nm,1498.0,400.0,5.0,30000.0,1.021505376344086
Honda,PILOT,V6,"3,471 cc",285.0,209.0,6.3,"$40,000 ",Petrol,8,360 Nm,3471.0,360.0,8.0,40000.0,1.3636363636363635
Honda,CIVIC HATCHBACK,I4,"1,498 cc",180.0,220.0,6.8,"$26,350 ",Petrol,5,300 Nm,1498.0,300.0,5.0,26350.0,0.8181818181818182
Toyota,CAMRY,V6,"3,500 cc",301.0,220.0,6.0,"$27,000 ",Petrol/Hybrid,5,250 Nm,3500.0,250.0,5.0,27000.0,1.3681818181818182
Toyota,COROLLA,I4,"1,798 cc",139.0,180.0,9.4,"$22,500 ",Petrol/Hybrid,5,200 Nm,1798.0,200.0,5.0,22500.0,0.7722222222222223
Toyota,PRIUS,I4,"1,798 cc",121.0,180.0,10.5,"$26,700 ",Hybrid,5,142 Nm,1798.0,142.0,5.0,26700.0,0.6722222222222223
Toyota,RAV4,I4,"2,494 cc",203.0,200.0,8.1,"$27,100 ",Petrol/Hybrid,5,400 Nm,2494.0,400.0,5.0,27100.0,1.015
Toyota,HIGHLANDER,V6,"3,456 cc",295.0,220.0,7.2,"$38,400 ",Petrol/Hybrid,7,370 Nm,3456.0,370.0,7.0,38400.0,1.3409090909090908
Toyota,4RUNNER,V6,"3,956 cc",270.0,200.0,7.5,"$37,400 ",Petrol,5,400 Nm,3956.0,400.0,5.0,37400.0,1.35
Toyota,TACOMA,I4,"2,694 cc",159.0,180.0,9.5,"$26,400 ",Petrol,5,400 Nm,2694.0,400.0,5.0,26400.0,0.8833333333333333
Toyota,TUNDRA,V8,"5,663 cc",381.0,220.0,6.7,"$39,900 ",Petrol,5,650 Nm,5663.0,650.0,5.0,39900.0,1.731818181818182
Toyota,AVALON,V6,"3,456 cc",301.0,220.0,6.9,"$41,400 ",Petrol,5,400 Nm,3456.0,400.0,5.0,41400.0,1.3681818181818182
Toyota,MIRAI,I4,"1,798 cc",151.0,180.0,9.2,"$52,400 ",Hydrogen,5,335 Nm,1798.0,335.0,5.0,52400.0,0.8388888888888889
Toyota,SIENNA,V6,"2,494 cc",245.0,190.0,8.0,"$44,150 ",Petrol/Hybrid,7,360 Nm,2494.0,360.0,7.0,44150.0,1.2894736842105263
Toyota,VENZA,I4,"2,494 cc",219.0,200.0,7.5,"$33,400 ",Hybrid,5,400 Nm,2494.0,400.0,5.0,33400.0,1.095
Toyota,HIGHLANDER HYBRID,V6,"3,456 cc",240.0,220.0,8.2,"$40,400 ",Hybrid,7,350 Nm,3456.0,350.0,7.0,40400.0,1.0909090909090908
Toyota,LAND CRUISER PRADO,V6,"3,956 cc",282.0,200.0,7.2,"$49,400 ",Petrol/Diesel,7,450 Nm,3956.0,450.0,7.0,49400.0,1.41
Toyota,TUNDRA HYBRID,V6,"3,456 cc",344.0,220.0,6.2,"$43,400 ",Hybrid,5,650 Nm,3456.0,650.0,5.0,43400.0,1.5636363636363637
Toyota,YARIS,I4,"1,496 cc",106.0,180.0,11.2,"$18,400 ",Petrol,5,150 Nm,1496.0,150.0,5.0,18400.0,0.5888888888888889
Toyota,C-HR,I4,"1,986 cc",144.0,200.0,10.2,"$24,400 ",Petrol/Hybrid,5,250 Nm,1986.0,250.0,5.0,24400.0,0.72
Toyota,BZ4X,ELECTRIC,"64.8 kwh (Base Model),72.8 kwh (Higher End Model",218.0,200.0,7.5,"$43,400 ",Electric,5,330 Nm,2500.0,330.0,5.0,43400.0,1.09
Toyota,CROWN,HYBRID,"2,494 cc",236.0,200.0,7.6,"$38,400 ",Hybrid,5,400 Nm,2494.0,400.0,5.0,38400.0,1.18
Toyota,MR2,I4,"1,986 cc",168.0,200.0,6.9,"$29,000 ",Petrol,2,400 Nm,1986.0,400.0,2.0,29000.0,0.84
Toyota,CELICA,I4,"1,986 cc",140.0,200.0,8.5,"$25,000 ",Petrol,5,250 Nm,1986.0,250.0,5.0,25000.0,0.7
Honda,CITY,I4,"1,497 cc",119.0,180.0,10.2,"$15,400 ",Petrol/Hybrid,5,145 Nm,1497.0,145.0,5.0,15400.0,0.6611111111111111
Honda,CIVIC,I4,"1,996 cc",158.0,200.0,8.5,"$20,400 ",Petrol,5,400 Nm,1996.0,400.0,5.0,20400.0,0.79
Hyundai,I10,"1.2L,4-CYLINDER,INLINE-4(I4)","1,197 cc",87.0,160.0,12.2,"$12,400 ",Petrol,5,120 Nm,1197.0,120.0,5.0,12400.0,0.54375
Hyundai,I20,"1.4L,4-CYLINDER,INLINE-4(I4)","1,396 cc",99.0,180.0,10.5,"$15,400 ",Petrol/Hybrid,5,250 Nm,1396.0,250.0,5.0,15400.0,0.55
Hyundai,ELANTRA,"2.0L,4-CYLINDER,INLINE-4(I4)","1,999 cc",147.0,200.0,9.5,"$18,400 ",Petrol/Hybrid,5,250 Nm,1999.0,250.0,5.0,18400.0,0.735
Mahindra,XUV500,"2.2L,4-CYLINDER,INLINE-4(I4)","2,179 cc",155.0,180.0,10.5,"$18,400 ",Diesel,7,400 Nm,2179.0,400.0,7.0,18400.0,0.8611111111111112
Mahindra,SCORPIO,"2.2L,4-CYLINDER,INLINE-4(I4)","2,179 cc",140.0,160.0,11.2,"$16,400 ",Diesel,7,280 Nm,2179.0,280.0,7.0,16400.0,0.875
Mahindra,THAR,"2.0L,4-CYLINDER,INLINE-4(I4)","1,997 cc",150.0,180.0,10.5,"$20,400 ",Petrol/Diesel,4,320 Nm,1997.0,320.0,4.0,20400.0,0.8333333333333334
Maruti Suzuki,SWIFT,"1.2L,4-CYLINDER,INLINE-4(I4)","1,197 cc",83.0,160.0,12.2,"$10,400 ",Petrol,5,113 Nm,1197.0,113.0,5.0,10400.0,0.51875
Maruti Suzuki,DZIRE,"1.2L,4-CYLINDER,INLINE-4(I4)","1,197 cc",83.0,160.0,12.2,"$11,400 ",Petrol/Diesel,5,113 Nm,1197.0,113.0,5.0,11400.0,0.51875
Maruti Suzuki,BREZZA,"1.5L,4-CYLINDER,INLINE(I4)","1,462 cc",103.0,180.0,11.5,"$14,400 ",Petrol,5,200 Nm,1462.0,200.0,5.0,14400.0,0.5722222222222222
Toyota,PRIUS PRIME,"2.0L,4-CYLINDER,WITH HYBRID SYSTEM","1,998 cc",220.0,180.0,6.7,"$31,100 ",Plug-In Hybrid,5,220 Nm,1998.0,220.0,5.0,31100.0,1.2222222222222223
Toyota,GR COROLLA,"1.6L,TURBOCHARGED INLINE-3","1,618 cc",300.0,230.0,5.0,"$36,995 ",Petrol,5,370 Nm,1618.0,370.0,5.0,36995.0,1.3043478260869565
Toyota,LAND CRUISER 300,"3.3L,V6,TWIN TURBO DIESEL","3,346 cc",305.0,210.0,6.8,"$58,500 ",Petrol/Diesel,7,650 Nm,3346.0,650.0,7.0,58500.0,1.4523809523809523
Toyota,TUNDRA I-FORCE MAX,"3.5L,V6,HYBRID TWIN-TURBO","3,445 cc",437.0,180.0,6.2,"$56,000 ",Hybrid,5,750 Nm,3445.0,750.0,5.0,56000.0,2.4277777777777776
Toyota,COROLLA HATCHBACK XSE,"2.0L,INLINE-4","1,987 cc",169.0,190.0,8.2,"$25,390 ",Petrol,5,250 Nm,1987.0,250.0,5.0,25390.0,0.8894736842105263
Toyota,MIRAI,"HYDROGEN FUEL CELL,ELECTRIC MOTOR",1.24 kwh,152.0,180.0,9.0,"$49,500 ",Hydrogen,5,335 Nm,2500.0,335.0,5.0,49500.0,0.8444444444444444
Toyota,HILUX GR SPORT,"2.8L,TURBO,DIESEL","2,755 cc",224.0,170.0,10.0,"$50,000 ",Petrol/Diesel,5,500 Nm,2755.0,500.0,5.0,50000.0,1.3176470588235294
Toyota,ALPHARD EXECUTIVE LOUNGE,"2.5L,INLINE-4,HYBRID,OR 3.5L,V6","HYBRID(2,494 cc),V6(3,456 cc)",296.0,180.0,8.5,"$60,000 ",Petrol,7,400 Nm,2500.0,400.0,7.0,60000.0,1.6444444444444444
Toyota,FORTUNER GR SPORT,"2.8L,TURBO,DIESEL","2,755 cc",204.0,175.0,10.5,"$55,000 ",Diesel/Petrol,7,500 Nm,2755.0,500.0,7.0,55000.0,1.1657142857142857
Toyota,INNOVA HYCROSS,2.0L HYBRID,"1,987 cc",184.0,165.0,9.5,"$40,000 ",Hybrid,7,250 Nm,1987.0,250.0,7.0,40000.0,1.1151515151515152
Toyota,COASTER,"4.0L,DIESEL","4,009 cc",134.0,120.0,7.1,"$70,000 ",Diesel,20,500 Nm,4009.0,500.0,20.0,70000.0,1.1166666666666667
Toyota,URBAN CRUISER TAISOR,"1.5L,HYBRID","1,490 cc",114.0,170.0,11.0,"$25,000 ",Petrol,5,130 Nm,1490.0,130.0,5.0,25000.0,0.6705882352941176
Toyota,AYGO X,"1.0L,INLINE-3",998 cc,71.0,160.0,14.8,"$18,000 ",Petrol,4,93 Nm,998.0,93.0,4.0,18000.0,0.44375
Toyota,HILUX REVO ROCCO,"2.8L,TURBO,DIESEL","2,755 cc",204.0,175.0,10.0,"$50,000 ",Diesel,5,500 Nm,2755.0,500.0,5.0,50000.0,1.1657142857142857
Toyota,PROACE VERSO ELECTRIC,ELECTRIC MOTOR,75 KWH,136.0,130.0,13.5,"$55,000 ",Electric,7,280 Nm,2500.0,280.0,7.0,55000.0,1.0461538461538462
Toyota,CENTURY SUV,"3.5L,V6,PLUG IN HYBRID","3,456 cc",406.0,200.0,6.0,"$170,000 ",Petrol,5,500 Nm,3456.0,500.0,5.0,170000.0,2.03
Toyota,COROLLA SEDAN HYBRID,"1.8L,HYBRID","1,798 cc",134.0,180.0,10.0,"$24,000 ",Hybrid,5,300 Nm,1798.0,300.0,5.0,24000.0,0.7444444444444445
Toyota,BZ3,ELECTRIC MOTOR,65 KWH,241.0,160.0,7.5,"$35,000 ",Electric,5,340 Nm,2500.0,340.0,5.0,35000.0,1.50625
Toyota,GR YARIS,"1.6L,TURBOCHARGED INLINE-3","1,618 cc",268.0,230.0,5.5,"$45,000 ",Petrol,4,390 Nm,1618.0,390.0,4.0,45000.0,1.1652173913043478
Hyundai,SANTA FE,1.6L PETROL + PLUG IN HYBRID SYSTEM,"1,600 cc",253.0,180.0,9.3,"$50,000 ",Petrol/Hybrid,7,420 Nm,1600.0,420.0,7.0,50000.0,1.4055555555555554
Hyundai,IONIQ 5,ELECTRIC MOTOR,72.6 KWH,225.0,185.0,7.4,"$41,000 ",Electric,5,350 Nm,2500.0,350.0,5.0,41000.0,1.2162162162162162
Hyundai,Santa Cruz,2.5L Turbocharged Inline-4,"2,500 cc",281.0,215.0,6.5,"$40,799 ",Petrol,5,400 Nm,2500.0,400.0,5.0,40799.0,1.3069767441860465
Hyundai,Kona,1.6L PETROL,"1,591 cc",147.0,185.0,10.5,"$20,500 ",Petrol/Ev,5,400 Nm,1591.0,400.0,5.0,20500.0,0.7945945945945946
Hyundai,Elantra,2.0L Inline-4,"2,000 cc",147.0,210.0,8.3,"$19,950 ",Petrol/Hybrid,5,250 Nm,2000.0,250.0,5.0,19950.0,0.7
Nissan,Urvan,2.5L Turbo Diese,,2488.0,140.0,14.0,"$28,000 ",Diesel,15,356 Nm,2500.0,356.0,15.0,28000.0,17.771428571428572
Hyundai,IONIQ 6,Electric Motor,53.6 kwh(Standard Range) / 77.4 kwh(Long Range),320.0,185.0,5.2,"$41,450 ",Electric,5,350 Nm,2500.0,350.0,5.0,41450.0,1.7297297297297298
Hyundai,Tucson,2.5L Inline-4,"2,500 cc",187.0,180.0,6.1,"$30,500 ",Petrol/Hybrid,5,400 Nm,2500.0,400.0,5.0,30500.0,1.038888888888889
Hyundai,Palisade,3.8L V6,"3,800 cc",291.0,240.0,6.3,"$52,000 ",Petrol,7,355 Nm,3800.0,355.0,7.0,52000.0,1.2125
Hyundai,Sonata,2.5L Inline-4,"2,500 cc",191.0,240.0,8.0,"$25,000 ",Petrol/Hybrid,5,250 Nm,2500.0,250.0,5.0,25000.0,0.7958333333333333
Hyundai,Accent,1.6L Inline-4,"1,600 cc",120.0,180.0,9.8,"$15,000 ",Petrol,5,151 Nm,1600.0,151.0,5.0,15000.0,0.6666666666666666
Hyundai,Venue,1.6L Inline-4,"1,600 cc",121.0,180.0,9.5,"$18,000 ",Petrol,5,240 Nm,1600.0,240.0,5.0,18000.0,0.6722222222222223
Hyundai,KONA Electric,Electric Motor,39.2 kwh,200.0,200.0,6.1,"$40,000 ",Electric,5,395 Nm,2500.0,395.0,5.0,40000.0,1.0
Hyundai,Veloster,2.0L Inline-4,"2,000 cc",275.0,220.0,6.0,"$25,000 ",Petrol,4,264 Nm,2000.0,264.0,4.0,25000.0,1.25
Hyundai,NEXO,Electric Motor,1.56 kwh,161.0,180.0,7.8,"$38,000 ",Hydrogen,5,400 Nm,2500.0,400.0,5.0,38000.0,0.8944444444444445
Hyundai,Ioniq,1.6L Inline-4,"1,600 cc",139.0,160.0,8.5,"$18,000 ",Hybrid/Electric,5,295 Nm,1600.0,295.0,5.0,18000.0,0.86875
Hyundai,Genesis,3.8L V6,"3,800 cc",291.0,240.0,6.3,"$52,000 ",Petrol,5,400 Nm,3800.0,400.0,5.0,52000.0,1.2125
Hyundai,Azera,3.3L V6,"3,300 cc",278.0,240.0,6.5,"$55,000 ",Petrol,5,250 Nm,3300.0,250.0,5.0,55000.0,1.1583333333333334
Hyundai,Equus,3.3L V6,"3,300 cc",278.0,240.0,6.5,"$55,000 ",Petrol,5,400 Nm,3300.0,400.0,5.0,55000.0,1.1583333333333334
Hyundai,Tiburon,2.0L Inline-4,"2,000 cc",160.0,200.0,8.2,"$19,000 ",Petrol,4,320 Nm,2000.0,320.0,4.0,19000.0,0.8
Hyundai,Elantra GT,1.6L Turbo GDI 4-cylinder,"2,000 cc",160.0,200.0,8.3,"$22,000 ",Petrol,5,320 Nm,2000.0,320.0,5.0,22000.0,0.8
Volkswagen,Golf,1.5L Turbo I4 / Electric,1498 cc / 40 - 58 kWh,215.0,210.0,8.5,"$23,000 ",Petrol,5,250 Nm,2500.0,250.0,5.0,23000.0,1.0238095238095237
Volkswagen,Passat,2.0L Turbo I4,1984 cc,215.0,210.0,7.8,"$25,000 ",Petrol,5,250 Nm,1984.0,250.0,5.0,25000.0,1.0238095238095237
Volkswagen,Tiguan,2.0L Turbo I4,1984 cc,190.0,209.0,8.5,"$28,505 ","Petrol, Hybrid",7,300 Nm,1984.0,300.0,7.0,28505.0,0.9090909090909091
Volkswagen,Jetta,1.5L Turbo I4,1498 cc,189.0,210.0,7.7,"$21,995 ",Petrol,5,250 Nm,1498.0,250.0,5.0,21995.0,0.9
Volkswagen,Polo,1.0L Turbo I3 / 1.6L Diesel,999 cc / 1598 cc,140.0,190.0,9.5,"$18,000 ",Petrol,5,175 Nm,2500.0,175.0,5.0,18000.0,0.7368421052631579
Volkswagen,Arteon,2.0L Turbo I4,1984 cc,215.0,250.0,5.6,"$46,000 ",Petrol,5,350 Nm,1984.0,350.0,5.0,46000.0,0.86
Volkswagen,ID.4,Electric,77 kWh,251.5,160.0,7.8,"$39,735 ",Electric,5,310 Nm,2500.0,310.0,5.0,39735.0,1.571875
Volkswagen,Up!,Electric,32.3 kWh,82.0,160.0,13.0,"$15,000 ",Petrol,4,95 Nm,2500.0,95.0,4.0,15000.0,0.5125
Volkswagen,Touareg,3.0L V6 Turbo Diesel / 4.0L V8,2967 cc / 3956 cc,365.5,235.0,5.9,"$55,000 ","Petrol, Diesel",5,600 Nm,2500.0,600.0,5.0,55000.0,1.5553191489361702
Volkswagen,Scirocco,2.0L Turbo I4,1984 cc,202.5,233.0,6.0,"$35,000 ",Petrol,4,350 Nm,1984.0,350.0,4.0,35000.0,0.869098712446352
Volkswagen,Beetle,2.0L Turbo I4,1984 cc,157.5,205.0,7.0,"$20,000 ",Petrol,4,240 Nm,1984.0,240.0,4.0,20000.0,0.7682926829268293
Volkswagen,Amarok,3.0L V6 Turbo Diesel,2967 cc,210.5,180.0,7.9,"$40,000 ",Diesel,5,550 Nm,2967.0,550.0,5.0,40000.0,1.1694444444444445
Volkswagen,T-Roc,2.0L Turbo I4,1984 cc,207.5,205.0,7.2,"$30,000 ",Petrol,5,320 Nm,1984.0,320.0,5.0,30000.0,1.0121951219512195
Volkswagen,Sharan,2.0L Turbo I4,1984 cc,185.0,200.0,9.3,"$33,000 ","Petrol, Diesel",7,280 Nm,1984.0,280.0,7.0,33000.0,0.925
Volkswagen,Caddy,1.5L Turbo I4,1498 cc,126.0,185.0,10.5,"$28,000 ","Petrol, Diesel",7,250 Nm,1498.0,250.0,7.0,28000.0,0.6810810810810811
Nissan,NV1500,4.0L V6,3954 cc,261.0,160.0,9.5,"$33,000 ",Petrol,12,385 Nm,3954.0,385.0,12.0,33000.0,1.63125
Volkswagen,Taigo,1.5L Turbo I4,1498 cc,122.5,183.0,10.0,"$24,000 ",Petrol,5,200 Nm,1498.0,200.0,5.0,24000.0,0.6693989071038251
Volkswagen,California,2.0L Turbo I4,1984 cc,177.0,180.0,13.0,"$70,000 ",Diesel,7,340 Nm,1984.0,340.0,7.0,70000.0,0.9833333333333333
Volkswagen,ID.3,Electric,58 - 77 kWh,204.0,160.0,7.3,"$35,000 ",Electric,5,310 Nm,2500.0,310.0,5.0,35000.0,1.275
Volkswagen,ID. Buzz,Electric,77 kWh,204.0,145.0,10.2,"$59,995 ",Electric,7,310 Nm,2500.0,310.0,7.0,59995.0,1.4068965517241379
Volkswagen,Golf GTI,2.0L Turbo I4,1984 cc,245.0,250.0,5.9,"$31,965 ",Petrol,5,350 Nm,1984.0,350.0,5.0,31965.0,0.98
Volkswagen,Golf R,2.0L Turbo I4,1984 cc,315.0,250.0,4.6,"$44,640 ",Petrol,5,420 Nm,1984.0,420.0,5.0,44640.0,1.26
Volkswagen,Passat Alltrack,2.0L Turbo Diesel I4,1968 cc,215.0,220.0,7.8,"$36,000 ",Diesel,5,400 Nm,1968.0,400.0,5.0,36000.0,0.9772727272727273
Volkswagen,Polo GTI,2.0L Turbo I4,1984 cc,204.0,238.0,6.7,"$28,000 ",Petrol,5,320 Nm,1984.0,320.0,5.0,28000.0,0.8571428571428571
Volkswagen,Up! GTI,1.0L Turbo I3,999 cc,115.0,196.0,8.8,"$20,000 ",Petrol,4,200 Nm,999.0,200.0,4.0,20000.0,0.5867346938775511
Volkswagen,T-Cross,1.0L Turbo I3 / 1.5L Turbo I4,999 cc / 1498 cc,122.5,200.0,10.2,"$25,000 ",Petrol,5,250 Nm,2500.0,250.0,5.0,25000.0,0.6125
Volkswagen,ID.5,Electric,77 kWh,236.5,180.0,8.4,"$45,000 ",Electric,5,310 Nm,2500.0,310.0,5.0,45000.0,1.3138888888888889
Volkswagen,ID. Buzz Cargo,Electric,77 kWh,204.0,145.0,10.2,"$55,000 ",Electric,3,310 Nm,2500.0,310.0,3.0,55000.0,1.4068965517241379
Volkswagen,Touareg R,Plug-in Hybrid V6,2995 cc,462.0,250.0,5.1,"$70,000 ",Hybrid,5,700 Nm,2995.0,700.0,5.0,70000.0,1.848
Volkswagen,Multivan,Plug-in Hybrid / Diesel I4,1395 cc / 1968 cc,184.0,190.0,9.4,"$50,000 ","Petrol, Hybrid",7,350 Nm,2500.0,350.0,7.0,50000.0,0.968421052631579
Volkswagen,Polo BlueMotion,1.2L Diesel I3,1199 cc,85.0,190.0,10.5,"$22,000 ",Diesel,5,250 Nm,1199.0,250.0,5.0,22000.0,0.4473684210526316
Volkswagen,Golf Sportsvan,1.5L Turbo I4,1498 cc,140.0,210.0,8.9,"$30,000 ",Petrol,5,250 Nm,1498.0,250.0,5.0,30000.0,0.6666666666666666
Volkswagen,Golf Alltrack,2.0L Turbo Diesel I4,1968 cc,173.5,210.0,7.1,"$35,000 ",Petrol,5,350 Nm,1968.0,350.0,5.0,35000.0,0.8261904761904761
Volkswagen,Scirocco R,2.0L Turbo I4,1984 cc,280.0,250.0,5.5,"$40,000 ",Petrol,4,350 Nm,1984.0,350.0,4.0,40000.0,1.12
Volkswagen,Tiguan Allspace,2.0L Turbo I4,1984 cc,207.0,215.0,7.6,"$35,000 ",Petrol,7,320 Nm,1984.0,320.0,7.0,35000.0,0.9627906976744186
Volkswagen,Arteon 4MOTION,2.0L Turbo I4,1984 cc,255.0,250.0,5.6,"$48,000 ",Petrol,5,350 Nm,1984.0,350.0,5.0,48000.0,1.02
Volkswagen,ID.4 GTX,Electric AWD,77 kWh,299.0,180.0,6.2,"$50,000 ",Electric,5,460 Nm,2500.0,460.0,5.0,50000.0,1.6611111111111112
Volkswagen,ID.3 Pro,Electric,58 kWh,204.0,160.0,7.3,"$35,000 ",Electric,5,310 Nm,2500.0,310.0,5.0,35000.0,1.275
Volkswagen,Golf Variant,1.5L Turbo I4 / 2.0L Diesel I4,1498 cc / 1968 cc,140.0,220.0,7.5,"$32,000 ",Petrol,5,320 Nm,2500.0,320.0,5.0,32000.0,0.6363636363636364
Volkswagen,Crafter,2.0L Turbo Diesel I4,1968 cc,139.5,160.0,13.0,"$40,000 ",Diesel,3,410 Nm,1968.0,410.0,3.0,40000.0,0.871875
Volkswagen,Lupo,1.4L I3 Gas / 1.2L Diesel I3,1390 cc / 1199 cc,67.5,170.0,14.3,"$15,000 ",Petrol,4,120 Nm,2500.0,120.0,4.0,15000.0,0.39705882352941174
Volkswagen,Corrado,2.9L VR6,2861 cc,190.0,235.0,6.4,"$25,000 ",Petrol,4,245 Nm,2861.0,245.0,4.0,25000.0,0.8085106382978723
Volkswagen,Phaeton,3.0L V6 Diesel / 6.0L W12 Gas,2967 cc / 5998 cc,345.0,250.0,6.1,"$85,000 ",Petrol,5,560 Nm,2500.0,560.0,5.0,85000.0,1.38
Volkswagen,Golf Cabriolet,1.2L I4 Turbo / 2.0L I4 Turbo,1197 cc / 1984 cc,157.5,217.0,8.4,"$30,000 ",Petrol,4,200 Nm,2500.0,200.0,4.0,30000.0,0.7258064516129032
Volkswagen,Santana,1.5L I4 Gas,1498 cc,110.0,190.0,12.9,"$15,000 ",Petrol,5,145 Nm,1498.0,145.0,5.0,15000.0,0.5789473684210527
Volkswagen,Polo Vivo,1.4L I4 Gas / 1.6L I4 Gas,1390 cc / 1598 cc,95.0,170.0,10.8,"$14,000 ",Petrol,5,132 Nm,2500.0,132.0,5.0,14000.0,0.5588235294117647
Volkswagen,Karmann Ghia,1.2L I4 Gas,1192 cc,47.0,138.0,23.0,"$25,000 ",Petrol,2,106 Nm,1192.0,106.0,2.0,25000.0,0.34057971014492755
Volkswagen,Fox,1.2L I4 Gas / 1.4L I4 Gas,1198 cc / 1390 cc,65.0,148.0,17.5,"$12,000 ",Petrol,5,93 Nm,2500.0,93.0,5.0,12000.0,0.4391891891891892
Volkswagen,Vento,1.6L I4 Gas / Diesel,1598 cc,107.5,186.0,11.7,"$18,000 ",Petrol,5,153 Nm,1598.0,153.0,5.0,18000.0,0.5779569892473119
Volkswagen,Golf Electric,Electric,35.8 kWh,136.0,140.0,10.4,"$33,000 ",Electric,5,290 Nm,2500.0,290.0,5.0,33000.0,0.9714285714285714
Volkswagen,Bora,1.6L I4 Gas / 1.9L I4 Diesel,1598 cc / 1896 cc,125.0,200.0,9.4,"$20,000 ",Petrol,5,220 Nm,2500.0,220.0,5.0,20000.0,0.625
Volkswagen,Teramont,2.0L I4 Turbo / 3.6L V6 Gas,1984 cc / 3597 cc,255.5,190.0,8.6,"$32,000 ",Petrol,7,350 Nm,2500.0,350.0,7.0,32000.0,1.3447368421052632
Volkswagen,Taos,1.5L I4 Turbo,1498 cc,158.0,193.0,8.4,"$24,000 ",Petrol,5,250 Nm,1498.0,250.0,5.0,24000.0,0.8186528497409327
Volkswagen,Up! Cabriolet,1.0L I3 Turbo,999 cc,98.5,160.0,12.4,"$18,000 ",Petrol,4,95 Nm,999.0,95.0,4.0,18000.0,0.615625
Volkswagen,T-Roc Cabriolet,1.0L I3 Turbo / 1.5L I4 Turbo,999 cc / 1498 cc,132.5,205.0,9.6,"$35,000 ",Petrol,4,250 Nm,2500.0,250.0,4.0,35000.0,0.6463414634146342
Volkswagen,Passat CC,2.0L I4 Turbo,1984 cc,240.0,240.0,7.3,"$40,000 ",Petrol,5,280 Nm,1984.0,280.0,5.0,40000.0,1.0
Volkswagen,Transporter,2.0L I4 Turbo Diesel,1968 cc,153.0,180.0,12.2,"$35,000 ",Diesel,9,340 Nm,1968.0,340.0,9.0,35000.0,0.85
Volkswagen,Amarok V6,3.0L V6 Turbo Diesel,2967 cc,231.0,191.0,7.9,"$45,000 ",Diesel,5,580 Nm,2967.0,580.0,5.0,45000.0,1.2094240837696335
Volkswagen,ID.2,Electric,~50 kWh (Estimate),255.0,160.0,8.0,"$25,000 ",Electric,5,220 Nm,2500.0,220.0,5.0,25000.0,1.59375
Volkswagen,Polo TDI,1.4L I4 Diesel / 1.6L Diesel,1390 cc / 1598 cc,90.0,190.0,9.9,"$20,000 ",Diesel,5,250 Nm,2500.0,250.0,5.0,20000.0,0.47368421052631576
Volkswagen,Golf GTE,Plug-in Hybrid (1.4L I4 Turbo),1395 cc + Electric Motor,204.0,222.0,7.6,"$40,000 ",Hybrid,5,350 Nm,2500.0,350.0,5.0,40000.0,0.918918918918919
Volkswagen,Touareg V8,4.0L V8 Turbo Diesel,3956 cc,421.0,250.0,4.9,"$70,000 ",Petrol,5,770 Nm,3956.0,770.0,5.0,70000.0,1.684
Volkswagen,Beetle Dune,1.4L I4 Turbo,1395 cc,150.0,200.0,7.5,"$30,000 ",Petrol,4,250 Nm,1395.0,250.0,4.0,30000.0,0.75
Volkswagen,Passat B8,1.5L I4 Turbo / 2.0L Diesel,1498 cc / 1968 cc,215.0,210.0,8.7,"$28,000 ",Petrol,5,250 Nm,2500.0,250.0,5.0,28000.0,1.0238095238095237
Volkswagen,ID.4 Pro S,Electric,77 kWh,201.0,180.0,7.8,"$45,000 ",Electric,5,310 Nm,2500.0,310.0,5.0,45000.0,1.1166666666666667
Volkswagen,Golf Country,1.8L I4 Gas,1781 cc,98.0,165.0,12.0,"$25,000 ",Petrol,5,170 Nm,1781.0,170.0,5.0,25000.0,0.593939393939394
Volkswagen,Jetta GLI,2.0L I4 Turbo,1984 cc,228.0,250.0,6.5,"$31,000 ",Petrol,5,350 Nm,1984.0,350.0,5.0,31000.0,0.912
Volkswagen,Arteon Shooting Brake,2.0L I4 Turbo,1984 cc,235.0,250.0,5.6,"$50,000 ",Petrol,5,420 Nm,1984.0,420.0,5.0,50000.0,0.94
Volkswagen,T-Cross R-Line,1.0L I3 Turbo / 1.5L I4 Turbo,999 cc / 1498 cc,132.5,200.0,8.5,"$27,000 ",Petrol,5,250 Nm,2500.0,250.0,5.0,27000.0,0.6625
Volkswagen,Golf R32,3.2L VR6,3189 cc,240.0,250.0,6.2,"$40,000 ",Petrol,5,320 Nm,3189.0,320.0,5.0,40000.0,0.96
Volkswagen,Passat B7,1.6L Diesel / 2.0L I4 Turbo,1598 cc / 1984 cc,180.0,220.0,8.5,"$26,000 ",Petrol,5,280 Nm,2500.0,280.0,5.0,26000.0,0.8181818181818182
Volkswagen,Scirocco 16V,1.8L I4 Gas,1781 cc,137.0,220.0,7.1,"$35,000 ",Petrol,4,230 Nm,1781.0,230.0,4.0,35000.0,0.6227272727272727
Volkswagen,Polo BlueMotion,1.2L Diesel I3,1199 cc,85.0,190.0,10.5,"$20,000 ",Diesel,5,210 Nm,1199.0,210.0,5.0,20000.0,0.4473684210526316
Volkswagen,Golf Variant GTD,2.0L Diesel I4,1968 cc,184.0,230.0,7.5,"$38,000 ",Diesel,5,380 Nm,1968.0,380.0,5.0,38000.0,0.8
Volkswagen,Polo GTI R5,1.6L Turbocharged Rally Engine,1598 cc,272.0,200.0,4.1,"$45,000 ",Petrol,5,400 Nm,1598.0,400.0,5.0,45000.0,1.36
Volkswagen,ID. Buzz Pro,Electric,77 kWh,204.0,145.0,10.2,"$60,000 ",Electric,7,310 Nm,2500.0,310.0,7.0,60000.0,1.4068965517241379
Volkswagen,Jetta Hybrid,1.4L I4 Turbo + Electric Motor,1395 cc,170.0,210.0,8.6,"$28,000 ",Hybrid,5,250 Nm,1395.0,250.0,5.0,28000.0,0.8095238095238095
Volkswagen,Golf Variant Alltrack,2.0L Diesel I4,1968 cc,175.0,220.0,7.8,"$35,000 ",Petrol,5,320 Nm,1968.0,320.0,5.0,35000.0,0.7954545454545454
Volkswagen,Volkswagen XL1,Plug-in Hybrid (0.8L I2 Diesel),800 cc + Electric Motor,68.0,160.0,11.9,"$150,000 ",Hybrid,2,140 Nm,2500.0,140.0,2.0,150000.0,0.425
Volkswagen,Golf TDI,2.0L Diesel I4,1968 cc,167.0,220.0,8.0,"$28,000 ",Diesel,5,350 Nm,1968.0,350.0,5.0,28000.0,0.759090909090909
Volkswagen,Passat Variant,1.5L I4 Turbo / 2.0L Diesel,1498 cc / 1968 cc,195.0,220.0,8.5,"$30,000 ",Petrol,5,280 Nm,2500.0,280.0,5.0,30000.0,0.8863636363636364
Volkswagen,Polo GTI Clubsport,2.0L I4 Turbo,1984 cc,300.0,240.0,6.7,"$30,000 ",Petrol,5,320 Nm,1984.0,320.0,5.0,30000.0,1.25
Volkswagen,ID.3 GTX,Electric,77 kWh,299.0,180.0,6.2,"$45,000 ",Electric,5,310 Nm,2500.0,310.0,5.0,45000.0,1.6611111111111112
Volkswagen,Arteon R-Line,2.0L I4 Turbo,1984 cc,235.0,250.0,5.6,"$50,000 ",Petrol,5,420 Nm,1984.0,420.0,5.0,50000.0,0.94
Volkswagen,Golf TGI,1.5L I4 CNG,1498 cc,130.0,220.0,8.8,"$30,000 ",Petrol,5,200 Nm,1498.0,200.0,5.0,30000.0,0.5909090909090909
Volkswagen,Scirocco GTS,2.0L I4 Turbo,1984 cc,220.0,246.0,6.5,"$35,000 ",Petrol,4,350 Nm,1984.0,350.0,4.0,35000.0,0.8943089430894309
Volkswagen,Caddy Maxi,2.0L Diesel I4,1968 cc,136.0,180.0,12.0,"$25,000 ",Diesel,7,250 Nm,1968.0,250.0,7.0,25000.0,0.7555555555555555
Volkswagen,Volkswagen Lupo 3L,1.2L Diesel I3,1199 cc,61.0,165.0,14.5,"$20,000 ",Diesel,4,140 Nm,1199.0,140.0,4.0,20000.0,0.3696969696969697
Volkswagen,Polo Beats,1.0L I3 Turbo,999 cc,95.0,187.0,9.5,"$22,000 ",Petrol,5,175 Nm,999.0,175.0,5.0,22000.0,0.5080213903743316
Volkswagen,Passat Hybrid,1.4L I4 Turbo + Electric Motor,1395 cc,215.0,210.0,7.4,"$32,000 ",Hybrid,5,330 Nm,1395.0,330.0,5.0,32000.0,1.0238095238095237
Volkswagen,Golf TCR,2.0L I4 Turbo,1984 cc,290.0,250.0,5.6,"$40,000 ",Petrol,5,370 Nm,1984.0,370.0,5.0,40000.0,1.16
Volkswagen,Tiguan R-Line,2.0L I4 Turbo,1984 cc,210.0,250.0,4.9,"$45,000 ",Petrol,5,420 Nm,1984.0,420.0,5.0,45000.0,0.84
Volkswagen,Sharan Business,2.0L Diesel I4,1968 cc,167.0,200.0,8.3,"$35,000 ",Diesel,7,350 Nm,1968.0,350.0,7.0,35000.0,0.835
Volkswagen,ID. Buzz Cargo Pro,Electric,77 kWh,204.0,145.0,10.2,"$55,000 ",Electric,2,310 Nm,2500.0,310.0,2.0,55000.0,1.4068965517241379
Volkswagen,Arteon 280 TSI,2.0L I4 Turbo,1984 cc,280.0,250.0,5.6,"$50,000 ",Petrol,5,350 Nm,1984.0,350.0,5.0,50000.0,1.12
Volkswagen,Jetta GLI 35th,2.0L I4 Turbo,1984 cc,228.0,250.0,6.5,"$31,000 ",Petrol,5,350 Nm,1984.0,350.0,5.0,31000.0,0.912
Volkswagen,Beetle Final Edition,2.0L I4 Turbo,1984 cc,174.0,205.0,7.0,"$25,000 ",Petrol,4,250 Nm,1984.0,250.0,4.0,25000.0,0.848780487804878
Volkswagen,Golf Variant TDI,2.0L Diesel I4,1968 cc,167.0,220.0,7.8,"$30,000 ",Diesel,5,350 Nm,1968.0,350.0,5.0,30000.0,0.759090909090909
Volkswagen,Golf 4MOTION,2.0L Diesel I4,1968 cc,167.0,250.0,4.9,"$40,000 ",Petrol,5,400 Nm,1968.0,400.0,5.0,40000.0,0.668
Volkswagen,Jetta SportWagen,1.4L I4 Turbo / 2.0L Diesel I4,1395 cc / 1968 cc,148.5,200.0,8.5,"$27,000 ",Petrol,5,250 Nm,2500.0,250.0,5.0,27000.0,0.7425
Volkswagen,Polo GTI Plus,2.0L I4 Turbo,1984 cc,207.0,237.0,6.7,"$30,000 ",Petrol,5,320 Nm,1984.0,320.0,5.0,30000.0,0.8734177215189873
Volkswagen,Touareg V6,3.0L V6 Turbo Diesel / Gasoline,2967 cc,285.5,235.0,7.5,"$60,000 ",Petrol,5,450 Nm,2967.0,450.0,5.0,60000.0,1.2148936170212765
Volkswagen,Tiguan eHybrid,1.4L I4 Turbo + Electric Motor,1395 cc + Battery,245.0,200.0,7.5,"$42,000 ",Hybrid,5,400 Nm,2500.0,400.0,5.0,42000.0,1.225
Volkswagen,Up! e-up!,Electric,32.3 kWh,83.0,130.0,11.9,"$23,000 ",Electric,4,210 Nm,2500.0,210.0,4.0,23000.0,0.6384615384615384
Volkswagen,Amarok V8,4.0L V8 Turbo Diesel,3996 cc,325.0,210.0,7.4,"$70,000 ",Diesel,5,580 Nm,3996.0,580.0,5.0,70000.0,1.5476190476190477
Volkswagen,Golf R Cabriolet,2.0L I4 Turbo,1984 cc,265.0,250.0,5.9,"$45,000 ",Petrol,4,380 Nm,1984.0,380.0,4.0,45000.0,1.06
Volkswagen,Passat Alltrack TDI,2.0L Diesel I4,1968 cc,190.0,220.0,8.0,"$40,000 ",Diesel,5,400 Nm,1968.0,400.0,5.0,40000.0,0.8636363636363636
Volkswagen,ID. Buzz Cargo EV,Electric,77 kWh,204.0,145.0,10.2,"$55,000 ",Electric,2,310 Nm,2500.0,310.0,2.0,55000.0,1.4068965517241379
Nissan,Versa,1.6L Inline-4,1598 cc,122.0,180.0,10.4,"$16,700 ",Petrol,5,154 Nm,1598.0,154.0,5.0,16700.0,0.6777777777777778
Nissan,Micra,1.0L Turbocharged Inline-3,999 cc,100.0,175.0,10.8,"$15,500 ",Petrol,5,160 Nm,999.0,160.0,5.0,15500.0,0.5714285714285714
Nissan,Patrol Platinum,5.6L V8,5552 cc,400.0,210.0,7.3,"$77,000 ",Petrol,7,560 Nm,5552.0,560.0,7.0,77000.0,1.9047619047619047
Nissan,Qashqai,1.3L Turbocharged Inline-4,1332 cc,156.0,195.0,8.9,"$26,000 ",Petrol,5,260 Nm,1332.0,260.0,5.0,26000.0,0.8
Nissan,Murano,3.5L V6,3498 cc,260.0,210.0,7.5,"$39,000 ",Petrol,5,325 Nm,3498.0,325.0,5.0,39000.0,1.2380952380952381
Nissan,Maxima Platinum,3.5L V6,3498 cc,300.0,220.0,6.2,"$45,000 ",Petrol,5,353 Nm,3498.0,353.0,5.0,45000.0,1.3636363636363635
Nissan,Armada,5.6L V8,5552 cc,400.0,210.0,6.5,"$51,000 ",Petrol,8,560 Nm,5552.0,560.0,8.0,51000.0,1.9047619047619047
Nissan,Kicks,1.6L Inline-4,1598 cc,122.0,180.0,10.7,"$20,000 ",Petrol,5,154 Nm,1598.0,154.0,5.0,20000.0,0.6777777777777778
Nissan,X-Trail,1.5L Turbocharged Inline-3,1498 cc,201.0,200.0,8.0,"$29,000 ",Hybrid,5,305 Nm,1498.0,305.0,5.0,29000.0,1.005
Nissan,Z (Fairlady Z),3.0L Twin-Turbo V6,2997 cc,400.0,250.0,4.5,"$40,000 ",Petrol,2,475 Nm,2997.0,475.0,2.0,40000.0,1.6
Nissan,Almera,1.0L Turbocharged Inline-3,999 cc,100.0,185.0,10.7,"$14,500 ",Petrol,5,160 Nm,999.0,160.0,5.0,14500.0,0.5405405405405406
Nissan,Sylphy,1.8L Inline-4,1798 cc,137.0,190.0,9.6,"$18,000 ",Petrol,5,174 Nm,1798.0,174.0,5.0,18000.0,0.7210526315789474
Nissan,Note,1.2L Inline-3 Hybrid,1198 cc,109.0,170.0,11.5,"$16,000 ",Hybrid,5,150 Nm,1198.0,150.0,5.0,16000.0,0.6411764705882353
Nissan,Sunny,1.6L Inline-4,1598 cc,118.0,180.0,11.0,"$15,000 ",Petrol,5,156 Nm,1598.0,156.0,5.0,15000.0,0.6555555555555556
Nissan,Cube,1.8L Inline-4,1798 cc,122.0,175.0,10.6,"$14,500 ",Petrol,5,171 Nm,1798.0,171.0,5.0,14500.0,0.6971428571428572
Nissan,Juke,1.0L Turbocharged Inline-3,999 cc,117.0,180.0,10.4,"$25,000 ",Petrol,5,180 Nm,999.0,180.0,5.0,25000.0,0.65
Nissan,Terrano,1.5L Inline-4 Diesel,1461 cc,110.0,168.0,13.5,"$15,500 ",Diesel,5,248 Nm,1461.0,248.0,5.0,15500.0,0.6547619047619048
Nissan,Magnite,1.0L Turbocharged Inline-3,999 cc,100.0,160.0,13.0,"$12,000 ",Petrol,5,160 Nm,999.0,160.0,5.0,12000.0,0.625
Nissan,Xterra,4.0L V6,3954 cc,261.0,200.0,7.8,"$35,000 ",Petrol,7,381 Nm,3954.0,381.0,7.0,35000.0,1.305
Nissan,Patrol,5.6L V8,5552 cc,400.0,210.0,7.3,"$77,000 ",Petrol,7,560 Nm,5552.0,560.0,7.0,77000.0,1.9047619047619047
Nissan,GT-R NISMO,3.8L Twin-Turbo V6,3799 cc,600.0,330.0,2.9,"$220,000 ",Petrol,2,652 Nm,3799.0,652.0,2.0,220000.0,1.8181818181818181
Nissan,370Z Roadster,3.7L V6,3696 cc,332.0,250.0,5.5,"$41,820 ",Petrol,2,366 Nm,3696.0,366.0,2.0,41820.0,1.328
Nissan,Ariya,Dual Electric Motors,87 kWh,389.0,200.0,5.1,"$58,950 ",Electric,5,600 Nm,2500.0,600.0,5.0,58950.0,1.945
Nissan,Patrol Royale,5.6L V8,5552 cc,400.0,210.0,6.6,"$85,000 ",Petrol,7,560 Nm,5552.0,560.0,7.0,85000.0,1.9047619047619047
Nissan,Infiniti QX80*,5.6L V8,5552 cc,400.0,210.0,6.5,"$70,600 ",Petrol,7,560 Nm,5552.0,560.0,7.0,70600.0,1.9047619047619047
Nissan,Tiida,1.6L Inline-4,1598 cc,126.0,190.0,10.1,"$14,500 ",Petrol,5,154 Nm,1598.0,154.0,5.0,14500.0,0.6631578947368421
Nissan,Pulsar,1.2L Turbocharged Inline-4,1197 cc,115.0,190.0,10.7,"$19,000 ",Petrol,5,190 Nm,1197.0,190.0,5.0,19000.0,0.6052631578947368
Nissan,Latio,1.5L Inline-4,1498 cc,102.0,175.0,11.5,"$13,000 ",Petrol,5,139 Nm,1498.0,139.0,5.0,13000.0,0.5828571428571429
Nissan,Bluebird Sylphy,2.0L Inline-4,1997 cc,133.0,185.0,10.5,"$18,500 ",Petrol,5,191 Nm,1997.0,191.0,5.0,18500.0,0.7189189189189189
Nissan,March,1.2L Inline-3,1198 cc,79.0,170.0,13.7,"$12,000 ",Petrol,5,106 Nm,1198.0,106.0,5.0,12000.0,0.4647058823529412
Nissan,Rogue Sport,2.0L Inline-4,1997 cc,141.0,190.0,9.8,"$24,960 ",Petrol,5,199 Nm,1997.0,199.0,5.0,24960.0,0.7421052631578947
Nissan,X-Trail Hybrid,2.0L Inline-4 Hybrid,1997 cc,179.0,180.0,9.4,"$28,500 ",Hybrid,5,207 Nm,1997.0,207.0,5.0,28500.0,0.9944444444444445
Nissan,Pathfinder Rock Creek,3.5L V6,3498 cc,284.0,190.0,7.4,"$42,820 ",Petrol,7,351 Nm,3498.0,351.0,7.0,42820.0,1.4947368421052631
Nissan,Armada Platinum,5.6L V8,5552 cc,400.0,210.0,6.5,"$65,300 ",Petrol,8,560 Nm,5552.0,560.0,8.0,65300.0,1.9047619047619047
Nissan,Terrano XL,1.6L Inline-4,1598 cc,104.0,165.0,12.5,"$14,000 ",Petrol,5,145 Nm,1598.0,145.0,5.0,14000.0,0.6303030303030303
Nissan,GT-R50 by Italdesign,3.8L Twin-Turbo V6,3799 cc,720.0,315.0,2.5,"$1,100,000 ",Petrol,2,780 Nm,3799.0,780.0,2.0,1100000.0,2.2857142857142856
Nissan,370Z NISMO,3.7L V6,3696 cc,350.0,250.0,5.2,"$45,790 ",Petrol,2,374 Nm,3696.0,374.0,2.0,45790.0,1.4
Nissan,Ariya E-4ORCE,Dual Electric Motors,87 kWh,389.0,200.0,5.1,"$60,000 ",Electric,5,600 Nm,2500.0,600.0,5.0,60000.0,1.945
Nissan,Patrol NISMO,5.6L V8,5552 cc,428.0,210.0,6.5,"$105,000 ",Petrol,7,560 Nm,5552.0,560.0,7.0,105000.0,2.038095238095238
Nissan,Infiniti Q60*,3.0L V6 Twin-Turbo,2997 cc,300.0,250.0,5.0,"$41,750 ",Petrol,4,400 Nm,2997.0,400.0,4.0,41750.0,1.2
Nissan,Primera,2.0L Inline-4,1998 cc,140.0,200.0,9.6,"$20,000 ",Petrol,5,190 Nm,1998.0,190.0,5.0,20000.0,0.7
Nissan,Skyline,3.0L V6 Twin-Turbo,2997 cc,400.0,250.0,5.0,"$50,000 ",Petrol,5,475 Nm,2997.0,475.0,5.0,50000.0,1.6
Nissan,Cedric,2.0L Inline-6,1998 cc,150.0,190.0,10.5,"$22,000 ",Petrol,5,190 Nm,1998.0,190.0,5.0,22000.0,0.7894736842105263
Nissan,Gloria,2.5L V6,2498 cc,210.0,210.0,8.6,"$30,000 ",Petrol,5,250 Nm,2498.0,250.0,5.0,30000.0,1.0
Nissan,Stanza,1.8L Inline-4,1796 cc,120.0,175.0,11.0,"$18,500 ",Petrol,5,170 Nm,1796.0,170.0,5.0,18500.0,0.6857142857142857
Nissan,Patrol Super Safari,4.8L Inline-6,4750 cc,280.0,190.0,8.2,"$55,000 ",Petrol,7,451 Nm,4750.0,451.0,7.0,55000.0,1.4736842105263157
Nissan,Pathfinder Hybrid,2.5L Inline-4 Hybrid,2488 cc,250.0,190.0,7.7,"$42,500 ",Hybrid,7,329 Nm,2488.0,329.0,7.0,42500.0,1.3157894736842106
Nissan,X-Terra Pro-4X,2.5L Inline-4,2498 cc,190.0,175.0,10.8,"$40,000 ",Petrol,7,240 Nm,2498.0,240.0,7.0,40000.0,1.0857142857142856
Nissan,Rogue Platinum,1.5L Turbo Inline-3,1497 cc,201.0,180.0,8.2,"$38,000 ",Petrol,5,300 Nm,1497.0,300.0,5.0,38000.0,1.1166666666666667
Nissan,Qashqai Tekna,1.3L Turbo Hybrid Inline-4,1332 cc,158.0,190.0,9.2,"$36,000 ",Hybrid,5,270 Nm,1332.0,270.0,5.0,36000.0,0.8315789473684211
Nissan,GT-R V-Spec,3.8L Twin-Turbo V6,3799 cc,600.0,330.0,2.8,"$175,000 ",Petrol,2,652 Nm,3799.0,652.0,2.0,175000.0,1.8181818181818181
Nissan,Skyline NISMO,3.0L Twin-Turbo V6,2997 cc,420.0,270.0,4.7,"$55,000 ",Petrol,5,475 Nm,2997.0,475.0,5.0,55000.0,1.5555555555555556
Nissan,Ariya Lounge Edition,Dual Electric Motors,87 kWh,389.0,200.0,5.1,"$63,000 ",Electric,5,600 Nm,2500.0,600.0,5.0,63000.0,1.945
Nissan,Patrol Titanium,5.6L V8,5552 cc,428.0,210.0,6.5,"$98,000 ",Petrol,7,560 Nm,5552.0,560.0,7.0,98000.0,2.038095238095238
Nissan,Infiniti FX50*,5.0L V8,5026 cc,390.0,250.0,5.6,"$61,750 ",Petrol,5,500 Nm,5026.0,500.0,5.0,61750.0,1.56
Nissan,Avenir,2.0L Inline-4,1998 cc,140.0,180.0,9.8,"$20,000 ",Petrol,5,186 Nm,1998.0,186.0,5.0,20000.0,0.7777777777777778
Nissan,Wingroad,1.8L Inline-4,1798 cc,125.0,175.0,10.8,"$18,000 ",Petrol,5,168 Nm,1798.0,168.0,5.0,18000.0,0.7142857142857143
Nissan,Presea,1.8L Inline-4,1838 cc,115.0,170.0,11.5,"$17,500 ",Petrol,5,161 Nm,1838.0,161.0,5.0,17500.0,0.6764705882352942
Nissan,Leopard,3.0L V6,2960 cc,210.0,200.0,8.4,"$32,000 ",Petrol,5,265 Nm,2960.0,265.0,5.0,32000.0,1.05
Nissan,Sunny NISMO Edition,1.6L Turbo Inline-4,1598 cc,190.0,200.0,7.5,"$24,000 ",Petrol,5,240 Nm,1598.0,240.0,5.0,24000.0,0.95
Nissan,Paladin,2.4L Inline-4,2438 cc,150.0,180.0,10.6,"$20,000 ",Petrol,5,217 Nm,2438.0,217.0,5.0,20000.0,0.8333333333333334
Nissan,Hardbody SUV,2.5L Inline-4,2498 cc,158.0,175.0,11.0,"$18,500 ",Petrol,5,225 Nm,2498.0,225.0,5.0,18500.0,0.9028571428571428
Nissan,Patrol Desert Edition,5.6L V8,5552 cc,428.0,210.0,6.5,"$95,000 ",Petrol,7,560 Nm,5552.0,560.0,7.0,95000.0,2.038095238095238
Nissan,Pathfinder Armada,5.6L V8,5552 cc,400.0,200.0,6.5,"$60,000 ",Petrol,7,560 Nm,5552.0,560.0,7.0,60000.0,2.0
Nissan,Rogue Midnight Edition,1.5L Turbo Inline-3,1497 cc,201.0,180.0,8.2,"$39,000 ",Petrol,5,300 Nm,1497.0,300.0,5.0,39000.0,1.1166666666666667
Nissan,GT-R Black Edition,3.8L Twin-Turbo V6,3799 cc,600.0,330.0,2.8,"$185,000 ",Petrol,2,652 Nm,3799.0,652.0,2.0,185000.0,1.8181818181818181
Nissan,Fairlady Z Heritage,3.0L Twin-Turbo V6,2997 cc,400.0,250.0,4.2,"$48,000 ",Petrol,2,475 Nm,2997.0,475.0,2.0,48000.0,1.6
Nissan,Skyline GT-R R34,2.6L Twin-Turbo Inline-6,2568 cc,276.0,250.0,5.6,"$70,000 ",Petrol,4,392 Nm,2568.0,392.0,4.0,70000.0,1.104
Nissan,Ariya Premiere,Dual Electric Motors,87 kWh,389.0,200.0,5.1,"$67,000 ",Electric,5,600 Nm,2500.0,600.0,5.0,67000.0,1.945
Nissan,Infiniti QX55*,2.0L VC-Turbo Inline-4,1997 cc,268.0,230.0,6.5,"$50,000 ",Petrol,5,380 Nm,1997.0,380.0,5.0,50000.0,1.1652173913043478
Nissan,NV350 Caravan,2.5L Inline-4 Diesel,2488 cc,129.0,155.0,12.5,"$28,000 ",Diesel,8,356 Nm,2488.0,356.0,8.0,28000.0,0.832258064516129
Nissan,Navara,2.3L Inline-4 Diesel,2298 cc,190.0,180.0,10.2,"$32,000 ",Diesel,5,450 Nm,2298.0,450.0,5.0,32000.0,1.0555555555555556
Nissan,Titan XD,5.6L V8,5552 cc,400.0,195.0,6.9,"$55,000 ",Petrol,6,560 Nm,5552.0,560.0,6.0,55000.0,2.051282051282051
Nissan,Evalia,1.5L Inline-4 Diesel,1461 cc,85.0,140.0,15.0,"$25,000 ",Diesel,7,200 Nm,1461.0,200.0,7.0,25000.0,0.6071428571428571
Nissan,Cabstar,2.5L Inline-4 Diesel,2488 cc,130.0,145.0,14.8,"$27,000 ",Diesel,3,350 Nm,2488.0,350.0,3.0,27000.0,0.896551724137931
Nissan,Cherry,1.4L Inline-4,1397 cc,67.0,145.0,14.0,"$14,000 ",Petrol,5,110 Nm,1397.0,110.0,5.0,14000.0,0.46206896551724136
Nissan,Laurel,2.8L Inline-6 Diesel,2825 cc,94.0,160.0,12.5,"$22,000 ",Diesel,5,184 Nm,2825.0,184.0,5.0,22000.0,0.5875
Nissan,Silvia,2.0L Turbo Inline-4,1998 cc,247.0,235.0,5.9,"$45,000 ",Petrol,4,275 Nm,1998.0,275.0,4.0,45000.0,1.0510638297872341
Nissan,NX Coupe,2.0L Inline-4,1998 cc,140.0,200.0,9.0,"$22,000 ",Petrol,4,180 Nm,1998.0,180.0,4.0,22000.0,0.7
Nissan,AD Wagon,1.5L Inline-4,1498 cc,105.0,165.0,12.3,"$16,000 ",Petrol,5,150 Nm,1498.0,150.0,5.0,16000.0,0.6363636363636364
Nissan,Patrol Super Safari Y61,4.8L Inline-6,4750 cc,280.0,190.0,8.2,"$58,000 ",Petrol,7,451 Nm,4750.0,451.0,7.0,58000.0,1.4736842105263157
Nissan,Pathfinder Rock Creek Edition,3.5L V6,3498 cc,284.0,195.0,7.2,"$44,000 ",Petrol,7,351 Nm,3498.0,351.0,7.0,44000.0,1.4564102564102563
Nissan,Terrano II,2.7L Inline-4 Diesel,2664 cc,125.0,160.0,12.9,"$28,000 ",Diesel,5,278 Nm,2664.0,278.0,5.0,28000.0,0.78125
Nissan,Murano CrossCabriolet,3.5L V6,3498 cc,260.0,195.0,7.6,"$47,000 ",Petrol,4,325 Nm,3498.0,325.0,4.0,47000.0,1.3333333333333333
Nissan,X-Trail Tekna,1.5L Turbo Hybrid,1497 cc,204.0,190.0,8.0,"$43,000 ",Hybrid,5,305 Nm,1497.0,305.0,5.0,43000.0,1.0736842105263158
Nissan,GT-R LM NISMO,3.0L Twin-Turbo V6 Hybrid,3000 cc,500.0,320.0,3.0,"$600,000 ",Hybrid,2,650 Nm,3000.0,650.0,2.0,600000.0,1.5625
Nissan,Skyline 400R,3.0L Twin-Turbo V6,2997 cc,400.0,250.0,4.5,"$70,000 ",Petrol,5,475 Nm,2997.0,475.0,5.0,70000.0,1.6
Nissan,Infiniti G37*,3.7L V6,3696 cc,328.0,250.0,5.5,"$42,000 ",Petrol,5,365 Nm,3696.0,365.0,5.0,42000.0,1.312
Nissan,Patrol Black Edition,5.6L V8,5552 cc,400.0,200.0,6.5,"$85,000 ",Petrol,7,560 Nm,5552.0,560.0,7.0,85000.0,2.0
Nissan,Ariya Empower+,Dual Electric Motors,87 kWh,389.0,200.0,5.1,"$68,000 ",Electric,5,600 Nm,2500.0,600.0,5.0,68000.0,1.945
Nissan,Datsun 510 (Classic),1.6L Inline-4,1595 cc,96.0,175.0,10.2,"$25,000 ",Petrol,4,135 Nm,1595.0,135.0,4.0,25000.0,0.5485714285714286
Nissan,200SX,2.0L Turbo Inline-4,1998 cc,200.0,240.0,7.2,"$30,000 ",Petrol,4,265 Nm,1998.0,265.0,4.0,30000.0,0.8333333333333334
Nissan,300ZX,3.0L Twin-Turbo V6,2960 cc,300.0,250.0,5.9,"$50,000 ",Petrol,4,384 Nm,2960.0,384.0,4.0,50000.0,1.2
Nissan,R390 GT1 Road Car,3.5L Twin-Turbo V8,3495 cc,550.0,354.0,3.3,"$1,000,000 ",Petrol,2,637 Nm,3495.0,637.0,2.0,1000000.0,1.5536723163841808
Nissan,Figaro,1.0L Turbo Inline-4,987 cc,76.0,170.0,12.8,"$20,000 ",Petrol,4,103 Nm,987.0,103.0,4.0,20000.0,0.4470588235294118
Nissan,Hardbody Truck,2.4L Inline-4,2389 cc,134.0,160.0,10.6,"$25,000 ",Petrol,5,206 Nm,2389.0,206.0,5.0,25000.0,0.8375
Nissan,Atlas,3.0L Inline-4 Diesel,2999 cc,130.0,130.0,18.0,"$35,000 ",Diesel,3,300 Nm,2999.0,300.0,3.0,35000.0,1.0
Nissan,Clipper,660cc Inline-3,659 cc,48.0,110.0,18.5,"$10,000 ",Petrol,4,62 Nm,659.0,62.0,4.0,10000.0,0.43636363636363634
Nissan,NV200,2.0L Inline-4,1998 cc,131.0,140.0,14.0,"$28,000 ",Petrol,7,188 Nm,1998.0,188.0,7.0,28000.0,0.9357142857142857
Nissan,Violet,1.8L Inline-4,1770 cc,85.0,155.0,13.8,"$18,000 ",Petrol,5,130 Nm,1770.0,130.0,5.0,18000.0,0.5483870967741935
Nissan,Bluebird Z,2.0L Inline-4,1998 cc,140.0,190.0,11.0,"$23,000 ",Petrol,5,180 Nm,1998.0,180.0,5.0,23000.0,0.7368421052631579
Nissan,Stanza Wagon,2.4L Inline-4,2389 cc,138.0,160.0,12.0,"$22,000 ",Petrol,7,205 Nm,2389.0,205.0,7.0,22000.0,0.8625
Nissan,180SX,2.0L Turbo Inline-4,1998 cc,205.0,240.0,6.8,"$35,000 ",Petrol,4,275 Nm,1998.0,275.0,4.0,35000.0,0.8541666666666666
Nissan,Sunny California,1.6L Inline-4,1597 cc,110.0,170.0,11.0,"$18,000 ",Petrol,5,140 Nm,1597.0,140.0,5.0,18000.0,0.6470588235294118
Nissan,Patrol Warrior,5.6L V8,5552 cc,428.0,205.0,6.3,"$95,000 ",Petrol,7,580 Nm,5552.0,580.0,7.0,95000.0,2.0878048780487806
Nissan,Pathfinder Armada Platinum,5.6L V8,5552 cc,400.0,190.0,6.8,"$70,000 ",Petrol,7,560 Nm,5552.0,560.0,7.0,70000.0,2.1052631578947367
Nissan,Rogue Sport SL,2.0L Inline-4,1998 cc,141.0,190.0,9.0,"$32,000 ",Petrol,5,195 Nm,1998.0,195.0,5.0,32000.0,0.7421052631578947
Nissan,X-Trail Platinum Edition,1.5L Turbo Hybrid,1497 cc,204.0,190.0,8.0,"$46,000 ",Hybrid,5,305 Nm,1497.0,305.0,5.0,46000.0,1.0736842105263158
Nissan,Qashqai e-Power,1.5L Hybrid,1497 cc,187.0,200.0,7.5,"$40,000 ",Hybrid,5,330 Nm,1497.0,330.0,5.0,40000.0,0.935
Nissan,GT-R Egoist,3.8L Twin-Turbo V6,3799 cc,565.0,315.0,2.8,"$220,000 ",Petrol,2,637 Nm,3799.0,637.0,2.0,220000.0,1.7936507936507937
Nissan,Infiniti M45*,4.5L V8,4494 cc,325.0,250.0,5.8,"$50,000 ",Petrol,5,451 Nm,4494.0,451.0,5.0,50000.0,1.3
Nissan,Skyline 50th Anniversary,3.0L Twin-Turbo V6,2997 cc,400.0,250.0,4.5,"$75,000 ",Petrol,5,475 Nm,2997.0,475.0,5.0,75000.0,1.6
Nissan,Ariya Dual Motor AWD,Dual Electric Motors,87 kWh,389.0,200.0,5.1,"$70,000 ",Electric,5,600 Nm,2500.0,600.0,5.0,70000.0,1.945
Nissan,Patrol Legend Edition,5.6L V8,5552 cc,428.0,205.0,6.3,"$95,000 ",Petrol,7,580 Nm,5552.0,580.0,7.0,95000.0,2.0878048780487806
Nissan,Datsun 240Z (Classic),2.4L Inline-6,2393 cc,151.0,210.0,8.0,"$45,000 ",Petrol,2,198 Nm,2393.0,198.0,2.0,45000.0,0.719047619047619
Nissan,100NX,1.6L Inline-4,1597 cc,110.0,185.0,9.6,"$18,000 ",Petrol,4,135 Nm,1597.0,135.0,4.0,18000.0,0.5945945945945946
Nissan,Cedric Special Edition,3.0L V6,2960 cc,250.0,225.0,8.5,"$60,000 ",Petrol,5,330 Nm,2960.0,330.0,5.0,60000.0,1.1111111111111112
Nissan,300ZX Turbo,3.0L Twin-Turbo V6,2960 cc,300.0,250.0,5.9,"$55,000 ",Petrol,4,384 Nm,2960.0,384.0,4.0,55000.0,1.2
Nissan,Silvia S15 Spec-R,2.0L Turbo Inline-4,1998 cc,250.0,240.0,5.6,"$35,000 ",Petrol,4,300 Nm,1998.0,300.0,4.0,35000.0,1.0416666666666667
Nissan,NV400,2.3L Inline-4 Diesel,2298 cc,135.0,150.0,15.0,"$40,000 ",Diesel,3,360 Nm,2298.0,360.0,3.0,40000.0,0.9
Nissan,Titan Warrior,5.6L V8,5552 cc,400.0,180.0,7.0,"$55,000 ",Petrol,5,560 Nm,5552.0,560.0,5.0,55000.0,2.2222222222222223
Nissan,Caravan Coach,2.5L Inline-4 Diesel,2498 cc,127.0,140.0,14.0,"$30,000 ",Diesel,7,260 Nm,2498.0,260.0,7.0,30000.0,0.9071428571428571
Nissan,Serena e-Power,1.2L Hybrid,1198 cc,134.0,160.0,12.0,"$35,000 ",Hybrid,7,320 Nm,1198.0,320.0,7.0,35000.0,0.8375
Nissan,Elgrand,3.5L V6,3498 cc,280.0,200.0,8.5,"$50,000 ",Petrol,7,344 Nm,3498.0,344.0,7.0,50000.0,1.4
Nissan,Datsun 510,1.6L Inline-4,1595 cc,96.0,175.0,10.2,"$25,000 ",Petrol,4,135 Nm,1595.0,135.0,4.0,25000.0,0.5485714285714286
Nissan,Prairie,2.0L Inline-4,1998 cc,120.0,175.0,11.0,"$18,000 ",Petrol,5,170 Nm,1998.0,170.0,5.0,18000.0,0.6857142857142857
Nissan,Pulsar GTI-R,2.0L Turbo Inline-4,1998 cc,230.0,225.0,6.0,"$30,000 ",Petrol,5,280 Nm,1998.0,280.0,5.0,30000.0,1.0222222222222221
Nissan,Almera Tino,1.8L Inline-4,1769 cc,114.0,180.0,12.5,"$15,000 ",Petrol,5,160 Nm,1769.0,160.0,5.0,15000.0,0.6333333333333333
Nissan,Lucino,1.6L Inline-4,1597 cc,115.0,185.0,10.5,"$12,000 ",Petrol,5,150 Nm,1597.0,150.0,5.0,12000.0,0.6216216216216216
Nissan,Rasheen,1.5L Inline-4,1497 cc,105.0,165.0,13.0,"$10,000 ",Petrol,5,135 Nm,1497.0,135.0,5.0,10000.0,0.6363636363636364
Nissan,Mistral,2.7L Turbo Diesel,2663 cc,125.0,160.0,12.5,"$25,000 ",Diesel,7,260 Nm,2663.0,260.0,7.0,25000.0,0.78125
Nissan,Patrol Y60,4.2L Inline-6,4169 cc,155.0,160.0,12.0,"$45,000 ",Diesel,7,330 Nm,4169.0,330.0,7.0,45000.0,0.96875
Nissan,X-Trail GT,2.0L Turbo Inline-4,1998 cc,280.0,215.0,6.4,"$38,000 ",Petrol,5,310 Nm,1998.0,310.0,5.0,38000.0,1.302325581395349
Nissan,Terrano Regulus,3.3L V6,3275 cc,170.0,175.0,10.0,"$28,000 ",Petrol,5,290 Nm,3275.0,290.0,5.0,28000.0,0.9714285714285714
Nissan,President,4.5L V8,4494 cc,280.0,210.0,7.5,"$70,000 ",Petrol,5,400 Nm,4494.0,400.0,5.0,70000.0,1.3333333333333333
Nissan,Cima,4.1L V8,4130 cc,270.0,210.0,8.0,"$60,000 ",Petrol,5,390 Nm,4130.0,390.0,5.0,60000.0,1.2857142857142858
Nissan,Leopard J. Ferie,3.0L V6 Turbo,2960 cc,255.0,215.0,6.5,"$45,000 ",Petrol,5,340 Nm,2960.0,340.0,5.0,45000.0,1.186046511627907
Nissan,Gloria Gran Turismo,3.0L V6 Turbo,2960 cc,255.0,220.0,6.5,"$50,000 ",Petrol,5,340 Nm,2960.0,340.0,5.0,50000.0,1.1590909090909092
Nissan,Infiniti Q45*,4.5L V8,4494 cc,340.0,240.0,6.2,"$50,000 ",Petrol,5,450 Nm,4494.0,450.0,5.0,50000.0,1.4166666666666667
Nissan,Datsun 240Z,2.4L Inline-6,2393 cc,151.0,210.0,8.0,"$45,000 ",Petrol,2,198 Nm,2393.0,198.0,2.0,45000.0,0.719047619047619
Nissan,280ZX,2.8L Inline-6,2753 cc,145.0,205.0,9.5,"$35,000 ",Petrol,2,210 Nm,2753.0,210.0,2.0,35000.0,0.7073170731707317
Nissan,Silvia S13,1.8L Turbo Inline-4,1809 cc,175.0,215.0,6.8,"$20,000 ",Petrol,4,230 Nm,1809.0,230.0,4.0,20000.0,0.813953488372093
Nissan,200SX,2.0L Turbo Inline-4,1998 cc,200.0,225.0,7.0,"$25,000 ",Petrol,4,260 Nm,1998.0,260.0,4.0,25000.0,0.8888888888888888
Nissan,NX Coupe,1.8L Inline-4,1839 cc,140.0,200.0,9.0,"$18,000 ",Petrol,4,180 Nm,1839.0,180.0,4.0,18000.0,0.7
Nissan,NV2500,4.0L V6,3954 cc,261.0,160.0,10.0,"$36,000 ",Petrol,2,385 Nm,3954.0,385.0,2.0,36000.0,1.63125
Nissan,NV3500,5.6L V8,5552 cc,375.0,170.0,9.0,"$42,000 ",Petrol,2,525 Nm,5552.0,525.0,2.0,42000.0,2.2058823529411766
Nissan,NT400 Cabstar,3.0L Inline-4 Diesel,2953 cc,150.0,140.0,15.0,"$35,000 ",Diesel,3,350 Nm,2953.0,350.0,3.0,35000.0,1.0714285714285714
Porsche,Panamera,2.9L V6 Twin Turbo,2894 cc,330.0,270.0,5.6,"$88,000 ",Petrol,4,450 Nm,2894.0,450.0,4.0,88000.0,1.2222222222222223
Porsche,Panamera 4,2.9L V6 Twin Turbo,2894 cc,330.0,270.0,5.4,"$92,000 ",Petrol,4,450 Nm,2894.0,450.0,4.0,92000.0,1.2222222222222223
Porsche,Panamera 4S,2.9L V6 Twin Turbo,2894 cc,440.0,289.0,4.4,"$105,000 ",Petrol,4,550 Nm,2894.0,550.0,4.0,105000.0,1.5224913494809689
Porsche,Panamera Turbo S,4.0L V8 Twin Turbo,3996 cc,620.0,315.0,3.1,"$180,000 ",Petrol,4,820 Nm,3996.0,820.0,4.0,180000.0,1.9682539682539681
Porsche,Panamera GTS,4.0L V8 Twin Turbo,3996 cc,473.0,300.0,3.9,"$130,000 ",Petrol,4,620 Nm,3996.0,620.0,4.0,130000.0,1.5766666666666667
Porsche,Panamera Platinum Edition,2.9L V6 Twin Turbo,2894 cc,330.0,270.0,5.4,"$102,000 ",Petrol,4,450 Nm,2894.0,450.0,4.0,102000.0,1.2222222222222223
Porsche,Panamera E-Hybrid,2.9L V6 + Electric Motor,17.9 kWh Battery,455.0,280.0,4.4,"$115,000 ",Hybrid (Petrol),4,700 Nm,2500.0,700.0,4.0,115000.0,1.625
Porsche,Panamera 4 E-Hybrid Sport Turismo,2.9L V6 + Electric Motor,17.9 kWh Battery,455.0,280.0,4.4,"$120,000 ",Hybrid (Petrol),4,700 Nm,2500.0,700.0,4.0,120000.0,1.625
Porsche,Panamera Turbo S E-Hybrid,4.0L V8 + Electric Motor,17.9 kWh Battery,690.0,315.0,3.2,"$190,000 ",Hybrid (Petrol),4,870 Nm,2500.0,870.0,4.0,190000.0,2.1904761904761907
Porsche,Panamera 4 Executive,2.9L V6 Twin Turbo,2894 cc,330.0,270.0,5.6,"$95,000 ",Petrol,4,450 Nm,2894.0,450.0,4.0,95000.0,1.2222222222222223
Porsche,Cayenne,3.0L V6 Turbo,2995 cc,335.0,245.0,5.9,"$80,000 ",Petrol,5,450 Nm,2995.0,450.0,5.0,80000.0,1.3673469387755102
Porsche,Cayenne Coupe,3.0L V6 Turbo,2995 cc,335.0,245.0,6.0,"$85,000 ",Petrol,5,450 Nm,2995.0,450.0,5.0,85000.0,1.3673469387755102
Porsche,Cayenne S,2.9L V6 Twin Turbo,2894 cc,434.0,265.0,5.0,"$95,000 ",Petrol,5,550 Nm,2894.0,550.0,5.0,95000.0,1.6377358490566039
Porsche,Cayenne Turbo,4.0L V8 Twin Turbo,3996 cc,541.0,286.0,4.0,"$130,000 ",Petrol,5,770 Nm,3996.0,770.0,5.0,130000.0,1.8916083916083917
Porsche,Cayenne GTS,4.0L V8 Twin Turbo,3996 cc,453.0,270.0,4.5,"$110,000 ",Petrol,5,620 Nm,3996.0,620.0,5.0,110000.0,1.6777777777777778
Porsche,Cayenne Turbo S E-Hybrid,4.0L V8 + Electric Motor,17.9 kWh Battery,670.0,295.0,3.6,"$170,000 ",Hybrid (Petrol),5,900 Nm,2500.0,900.0,5.0,170000.0,2.2711864406779663
Porsche,Macan,2.0L I4 Turbo,1984 cc,261.0,232.0,6.2,"$60,000 ",Petrol,5,400 Nm,1984.0,400.0,5.0,60000.0,1.125
Porsche,Macan S,2.9L V6 Twin Turbo,2894 cc,375.0,259.0,4.8,"$75,000 ",Petrol,5,520 Nm,2894.0,520.0,5.0,75000.0,1.4478764478764479
Porsche,Macan GTS,2.9L V6 Twin Turbo,2894 cc,434.0,272.0,4.5,"$85,000 ",Petrol,5,550 Nm,2894.0,550.0,5.0,85000.0,1.5955882352941178
Porsche,Macan T,2.0L I4 Turbo,1984 cc,261.0,232.0,6.2,"$65,000 ",Petrol,5,400 Nm,1984.0,400.0,5.0,65000.0,1.125
Porsche,911 Carrera,3.0L Flat-6 Twin Turbo,2981 cc,379.0,293.0,4.2,"$110,000 ",Petrol,4,450 Nm,2981.0,450.0,4.0,110000.0,1.2935153583617747
Porsche,911 Carrera S,3.0L Twin-Turbo Flat-6,2981 cc,443.0,308.0,3.5,"$131,300 ",Petrol,4,528 Nm,2981.0,528.0,4.0,131300.0,1.4383116883116882
Porsche,911 Carrera 4,3.0L Twin-Turbo Flat-6,2981 cc,379.0,293.0,4.2,"$106,500 ",Petrol,4,450 Nm,2981.0,450.0,4.0,106500.0,1.2935153583617747
Porsche,911 Carrera 4S,3.0L Twin-Turbo Flat-6,2981 cc,443.0,306.0,3.4,"$113,300 ",Petrol,4,528 Nm,2981.0,528.0,4.0,113300.0,1.4477124183006536
Porsche,911 Targa 4,3.0L Twin-Turbo Flat-6,2981 cc,379.0,289.0,4.4,"$121,300 ",Petrol,4,450 Nm,2981.0,450.0,4.0,121300.0,1.3114186851211074
Porsche,911 Turbo,3.8L Twin-Turbo Flat-6,3745 cc,572.0,320.0,2.7,"$197,200 ",Petrol,4,750 Nm,3745.0,750.0,4.0,197200.0,1.7875
Porsche,911 Turbo S,3.8L Twin-Turbo Flat-6,3745 cc,640.0,330.0,2.6,"$230,400 ",Petrol,4,800 Nm,3745.0,800.0,4.0,230400.0,1.9393939393939394
Porsche,911 GT3,4.0L Naturally Aspirated Flat-6,3996 cc,502.0,318.0,3.4,"$161,100 ",Petrol,2,469 Nm,3996.0,469.0,2.0,161100.0,1.578616352201258
Porsche,911 GT3 RS,4.0L Naturally Aspirated Flat-6,3996 cc,518.0,296.0,3.2,"$241,300 ",Petrol,2,465 Nm,3996.0,465.0,2.0,241300.0,1.75
Porsche,911 Dakar,3.0L Twin-Turbo Flat-6,2981 cc,473.0,240.0,3.4,"$222,000 ",Petrol,2,570 Nm,2981.0,570.0,2.0,222000.0,1.9708333333333334
Porsche,Taycan,Dual Electric Motors,79.2 kWh,402.0,230.0,5.4,"$86,700 ",Electric,4,344 Nm,2500.0,344.0,4.0,86700.0,1.7478260869565216
Porsche,Taycan 4S,Dual Electric Motors,79.2 kWh,522.0,250.0,4.0,"$103,800 ",Electric,4,640 Nm,2500.0,640.0,4.0,103800.0,2.088
Porsche,Taycan Turbo,Dual Electric Motors,93.4 kWh,670.0,260.0,3.2,"$150,900 ",Electric,4,850 Nm,2500.0,850.0,4.0,150900.0,2.576923076923077
Porsche,Taycan Turbo S,Dual Electric Motors,93.4 kWh,750.0,260.0,2.8,"$185,000 ",Electric,4,1050 Nm,2500.0,1050.0,4.0,185000.0,2.8846153846153846
Porsche,Taycan GTS,Dual Electric Motors,93.4 kWh,590.0,250.0,3.5,"$132,750 ",Electric,4,850 Nm,2500.0,850.0,4.0,132750.0,2.36
Porsche,Taycan Cross Turismo,Dual Electric Motors,93.4 kWh,469.0,220.0,4.8,"$97,700 ",Electric,5,500 Nm,2500.0,500.0,5.0,97700.0,2.131818181818182
Porsche,Taycan Sport Turismo,Dual Electric Motors,79.2 kWh,509.0,240.0,4.1,"$104,000 ",Electric,5,650 Nm,2500.0,650.0,5.0,104000.0,2.120833333333333
Porsche,718 Cayman,2.0L Turbocharged Flat-4,1988 cc,300.0,275.0,4.9,"$63,400 ",Petrol,2,380 Nm,1988.0,380.0,2.0,63400.0,1.0909090909090908
Porsche,718 Cayman S,2.5L Turbocharged Flat-4,2497 cc,350.0,285.0,4.4,"$75,400 ",Petrol,2,420 Nm,2497.0,420.0,2.0,75400.0,1.2280701754385965
Porsche,718 Cayman GT4,4.0L Naturally Aspirated Flat-6,3995 cc,414.0,302.0,4.2,"$100,200 ",Petrol,2,420 Nm,3995.0,420.0,2.0,100200.0,1.3708609271523178
Porsche,718 Cayman GT4 RS,4.0L Naturally Aspirated Flat-6,3996 cc,493.0,315.0,3.2,"$141,700 ",Petrol,2,450 Nm,3996.0,450.0,2.0,141700.0,1.565079365079365
Porsche,718 Boxster,2.0L Turbo Flat-4,1988 cc,300.0,275.0,4.9,"$65,500 ",Petrol,2,380 Nm,1988.0,380.0,2.0,65500.0,1.0909090909090908
Porsche,718 Boxster T,2.0L Turbo Flat-4,1988 cc,300.0,275.0,4.7,"$69,600 ",Petrol,2,380 Nm,1988.0,380.0,2.0,69600.0,1.0909090909090908
Porsche,718 Boxster GTS,4.0L Naturally Aspirated Flat-6,3995 cc,394.0,293.0,4.3,"$90,300 ",Petrol,2,430 Nm,3995.0,430.0,2.0,90300.0,1.3447098976109215
Porsche,718 Spyder,4.0L Naturally Aspirated Flat-6,3995 cc,414.0,301.0,4.1,"$98,300 ",Petrol,2,420 Nm,3995.0,420.0,2.0,98300.0,1.3754152823920265
Porsche,Panamera Base,2.9L Twin-Turbo V6,2894 cc,325.0,265.0,5.6,"$92,300 ",Petrol,4,450 Nm,2894.0,450.0,4.0,92300.0,1.2264150943396226
Porsche,Panamera 4 E-Hybrid,2.9L Twin-Turbo V6 + Electric Motor,2894 cc,462.0,280.0,4.4,"$113,300 ",Hybrid,4,700 Nm,2894.0,700.0,4.0,113300.0,1.65
Porsche,Panamera 4 Sport Turismo,2.9L Twin-Turbo V6,2894 cc,325.0,265.0,5.5,"$101,400 ",Petrol,4,450 Nm,2894.0,450.0,4.0,101400.0,1.2264150943396226
Porsche,Panamera Turbo S E-Hybrid Sport Turismo,4.0L Twin-Turbo V8 + Electric Motor,3996 cc,690.0,315.0,3.2,"$200,200 ",Hybrid,4,870 Nm,3996.0,870.0,4.0,200200.0,2.1904761904761907
Porsche,Panamera 4S E-Hybrid Executive,2.9L Twin-Turbo V6 + Electric Motor,2894 cc,560.0,295.0,3.7,"$128,900 ",Hybrid,4,750 Nm,2894.0,750.0,4.0,128900.0,1.8983050847457628
Porsche,Panamera Platinum Edition,2.9L Twin-Turbo V6,2894 cc,325.0,265.0,5.6,"$98,300 ",Petrol,4,450 Nm,2894.0,450.0,4.0,98300.0,1.2264150943396226
Porsche,Panamera GTS Sport Turismo,4.0L Twin-Turbo V8,3996 cc,473.0,300.0,3.9,"$136,900 ",Petrol,4,620 Nm,3996.0,620.0,4.0,136900.0,1.5766666666666667
Porsche,Panamera Turbo Executive,4.0L Twin-Turbo V8,3996 cc,550.0,306.0,3.8,"$175,200 ",Petrol,4,770 Nm,3996.0,770.0,4.0,175200.0,1.7973856209150327
Porsche,Panamera Turbo S Exclusive Series,4.0L Twin-Turbo V8,3996 cc,570.0,310.0,3.8,"$290,000 ",Petrol,4,800 Nm,3996.0,800.0,4.0,290000.0,1.8387096774193548
Porsche,Panamera 4S,2.9L Twin-Turbo V6,2894 cc,443.0,289.0,4.1,"$105,000 ",Petrol,4,550 Nm,2894.0,550.0,4.0,105000.0,1.532871972318339
Porsche,Macan Base,2.0L Turbo Inline-4,1984 cc,265.0,232.0,6.4,"$58,000 ",Petrol,5,400 Nm,1984.0,400.0,5.0,58000.0,1.1422413793103448
Porsche,Macan T,2.0L Turbo Inline-4,1984 cc,265.0,233.0,6.2,"$63,000 ",Petrol,5,400 Nm,1984.0,400.0,5.0,63000.0,1.1373390557939915
Porsche,Macan S,2.9L Twin-Turbo V6,2894 cc,375.0,259.0,4.6,"$70,400 ",Petrol,5,520 Nm,2894.0,520.0,5.0,70400.0,1.4478764478764479
Porsche,Macan GTS,2.9L Twin-Turbo V6,2894 cc,434.0,272.0,4.3,"$82,900 ",Petrol,5,550 Nm,2894.0,550.0,5.0,82900.0,1.5955882352941178
Porsche,Macan EV,Dual Electric Motors,95 kWh,603.0,240.0,4.0,"$85,000 ",Electric,5,750 Nm,2500.0,750.0,5.0,85000.0,2.5125
Porsche,Cayenne Base,3.0L Turbocharged V6,2995 cc,335.0,245.0,5.9,"$72,200 ",Petrol,5,450 Nm,2995.0,450.0,5.0,72200.0,1.3673469387755102
Porsche,Cayenne E-Hybrid,3.0L V6 + Electric Motor,2995 cc,455.0,253.0,4.8,"$91,000 ",Hybrid,5,700 Nm,2995.0,700.0,5.0,91000.0,1.7984189723320159
Porsche,Cayenne S Coupe,2.9L Twin-Turbo V6,2894 cc,434.0,263.0,4.7,"$94,300 ",Petrol,4,550 Nm,2894.0,550.0,4.0,94300.0,1.650190114068441
Porsche,Cayenne Turbo GT,4.0L Twin-Turbo V8,3996 cc,631.0,300.0,3.3,"$182,150 ",Petrol,4,850 Nm,3996.0,850.0,4.0,182150.0,2.1033333333333335
Porsche,Cayenne Platinum Edition,3.0L Turbocharged V6,2995 cc,335.0,245.0,5.8,"$79,000 ",Petrol,5,450 Nm,2995.0,450.0,5.0,79000.0,1.3673469387755102
Porsche,Cayenne Turbo S E-Hybrid Coupe,4.0L Twin-Turbo V8 + Electric Motor,3996 cc,670.0,295.0,3.6,"$167,800 ",Hybrid,4,900 Nm,3996.0,900.0,4.0,167800.0,2.2711864406779663
Porsche,Cayenne GTS Coupe,4.0L Twin-Turbo V8,3996 cc,453.0,270.0,4.5,"$111,200 ",Petrol,4,620 Nm,3996.0,620.0,4.0,111200.0,1.6777777777777778
Porsche,Cayenne Diesel (Regional Markets),3.0L Turbo Diesel V6,2967 cc,262.0,221.0,7.3,"$69,000 ",Diesel,5,580 Nm,2967.0,580.0,5.0,69000.0,1.1855203619909502
Porsche,Cayenne S Hybrid,3.0L V6 + Electric Motor,2995 cc,380.0,242.0,6.5,"$85,500 ",Hybrid,5,580 Nm,2995.0,580.0,5.0,85500.0,1.5702479338842976
Porsche,Cayenne Coupe Turbo E-Hybrid,4.0L Twin-Turbo V8 + Electric Motor,3996 cc,728.0,295.0,3.6,"$182,900 ",Hybrid,4,950 Nm,3996.0,950.0,4.0,182900.0,2.4677966101694917
Porsche,Taycan Base,Dual Electric Motors,79.2 kWh,321.0,230.0,5.4,"$86,700 ",Electric,4,345 Nm,2500.0,345.0,4.0,86700.0,1.3956521739130434
Cadillac,CT4,2.0L Turbo Inline-4 Gasoline,2000 cc,237.0,250.0,6.0,"$34,395 ",Petrol,5,350 Nm,2000.0,350.0,5.0,34395.0,0.948
Cadillac,CT4-V,2.7L Turbo Inline-4 Gasoline,2700 cc,325.0,260.0,4.9,"$46,595 ",Petrol,5,500 Nm,2700.0,500.0,5.0,46595.0,1.25
Cadillac,CT5,2.0L Turbo Inline-4 Gasoline,2000 cc,237.0,240.0,6.6,"$38,195 ",Petrol,5,350 Nm,2000.0,350.0,5.0,38195.0,0.9875
Cadillac,CT5-V,3.0L Twin-Turbo V6 Gasoline,3000 cc,360.0,250.0,4.6,"$50,995 ",Petrol,5,550 Nm,3000.0,550.0,5.0,50995.0,1.44
Porsche,Taycan Cross Turismo 4,Dual Electric Motors,93.4 kWh,375.0,240.0,5.1,"$94,800 ",Electric,4,500 Nm,2500.0,500.0,4.0,94800.0,1.5625
Porsche,Taycan Cross Turismo GTS,Dual Electric Motors,93.4 kWh,590.0,250.0,3.8,"$139,400 ",Electric,4,620 Nm,2500.0,620.0,4.0,139400.0,2.36
Porsche,Taycan Sport Turismo Base,Dual Electric Motors,79.2 kWh,375.0,230.0,5.4,"$90,500 ",Electric,4,500 Nm,2500.0,500.0,4.0,90500.0,1.6304347826086956
Porsche,Taycan Sport Turismo GTS,Dual Electric Motors,93.4 kWh,590.0,250.0,3.7,"$136,700 ",Electric,4,620 Nm,2500.0,620.0,4.0,136700.0,2.36
Porsche,Taycan Turbo S Cross Turismo,Dual Electric Motors,93.4 kWh,750.0,260.0,2.9,"$190,000 ",Electric,4,1050 Nm,2500.0,1050.0,4.0,190000.0,2.8846153846153846
Porsche,911 Carrera Base,3.0L Twin-Turbo Flat-6,2981 cc,379.0,293.0,4.2,"$106,100 ",Petrol,4,450 Nm,2981.0,450.0,4.0,106100.0,1.2935153583617747
Porsche,911 Carrera S Cabriolet,3.0L Twin-Turbo Flat-6,2981 cc,443.0,304.0,3.9,"$129,900 ",Petrol,4,530 Nm,2981.0,530.0,4.0,129900.0,1.457236842105263
Porsche,911 Carrera 4,3.0L Twin-Turbo Flat-6,2981 cc,379.0,293.0,4.4,"$113,300 ",Petrol,4,450 Nm,2981.0,450.0,4.0,113300.0,1.2935153583617747
Porsche,911 Carrera 4 GTS,3.0L Twin-Turbo Flat-6,2981 cc,473.0,311.0,3.3,"$137,000 ",Petrol,4,570 Nm,2981.0,570.0,4.0,137000.0,1.5209003215434083
Porsche,911 Targa 4 GTS,3.0L Twin-Turbo Flat-6,2981 cc,473.0,307.0,3.5,"$157,300 ",Petrol,4,570 Nm,2981.0,570.0,4.0,157300.0,1.5407166123778502
Porsche,911 Turbo Cabriolet,3.8L Twin-Turbo Flat-6,3745 cc,572.0,320.0,2.9,"$184,100 ",Petrol,4,750 Nm,3745.0,750.0,4.0,184100.0,1.7875
Porsche,911 Turbo S Coupe,3.8L Twin-Turbo Flat-6,3745 cc,640.0,330.0,2.7,"$207,000 ",Petrol,4,800 Nm,3745.0,800.0,4.0,207000.0,1.9393939393939394
Porsche,911 GT3 Touring,4.0L Naturally Aspirated Flat-6,3996 cc,502.0,318.0,3.9,"$170,000 ",Petrol,2,470 Nm,3996.0,470.0,2.0,170000.0,1.578616352201258
Porsche,911 GT3 RS Clubsport,4.0L Naturally Aspirated Flat-6,3996 cc,525.0,296.0,3.2,"$223,800 ",Petrol,2,465 Nm,3996.0,465.0,2.0,223800.0,1.7736486486486487
Porsche,911 Dakar Limited Edition,3.0L Twin-Turbo Flat-6,2981 cc,473.0,240.0,3.4,"$222,000 ",Petrol,4,570 Nm,2981.0,570.0,4.0,222000.0,1.9708333333333334
Porsche,911 Carrera GTS Lightweight,3.0L Twin-Turbo Flat-6,2981 cc,473.0,311.0,3.2,"$145,300 ",Petrol,4,570 Nm,2981.0,570.0,4.0,145300.0,1.5209003215434083
Porsche,911 Targa 4 Lightweight,3.0L Twin-Turbo Flat-6,2981 cc,379.0,289.0,4.3,"$135,500 ",Petrol,4,450 Nm,2981.0,450.0,4.0,135500.0,1.3114186851211074
Porsche,911 Turbo Exclusive Series,3.8L Twin-Turbo Flat-6,3745 cc,607.0,330.0,2.9,"$258,000 ",Petrol,4,750 Nm,3745.0,750.0,4.0,258000.0,1.8393939393939394
Porsche,911 GT2 RS,3.8L Twin-Turbo Flat-6,3745 cc,700.0,340.0,2.8,"$293,200 ",Petrol,2,750 Nm,3745.0,750.0,2.0,293200.0,2.0588235294117645
Porsche,911 GT3 Cup,4.0L Naturally Aspirated Flat-6,3996 cc,510.0,290.0,3.4,"$245,000 ",Petrol,1,470 Nm,3996.0,470.0,1.0,245000.0,1.7586206896551724
Porsche,911 GT4 RS,4.0L Naturally Aspirated Flat-6,3996 cc,500.0,315.0,3.4,"$222,000 ",Petrol,2,450 Nm,3996.0,450.0,2.0,222000.0,1.5873015873015872
Porsche,911 RSR (Motorsport Edition),4.2L Naturally Aspirated Flat-6,4194 cc,515.0,296.0,3.1,"$750,000 ",Petrol,1,480 Nm,4194.0,480.0,1.0,750000.0,1.739864864864865
Porsche,911 Sport Turismo,3.0L Twin-Turbo Flat-6,2981 cc,379.0,293.0,4.4,"$116,000 ",Petrol,4,450 Nm,2981.0,450.0,4.0,116000.0,1.2935153583617747
Porsche,911 Turbo Cabriolet Lightweight,3.8L Twin-Turbo Flat-6,3745 cc,572.0,318.0,3.0,"$191,300 ",Petrol,4,750 Nm,3745.0,750.0,4.0,191300.0,1.79874213836478
Porsche,911 Dakar Sport,3.0L Twin-Turbo Flat-6,2981 cc,473.0,240.0,3.5,"$233,000 ",Petrol,4,570 Nm,2981.0,570.0,4.0,233000.0,1.9708333333333334
Tata Motors,Tiago,1.2L Revotron 3-cylinder Petrol,1199 cc,86.0,170.0,13.0,"$8,200 ",Petrol,5,113 Nm,1199.0,113.0,5.0,8200.0,0.5058823529411764
Tata Motors,Tiago EV,Permanent Magnet Synchronous,24 kWh,74.0,120.0,5.7,"$11,000 ",Electric,5,114 Nm,2500.0,114.0,5.0,11000.0,0.6166666666666667
Tata Motors,Altroz,1.2L Revotron Petrol / 1.5L Diesel,1199 cc / 1497 cc,255.0,170.0,12.0,"$10,400 ",Petrol/Diesel,5,113-200 Nm,2500.0,156.5,5.0,10400.0,1.5
Tata Motors,Altroz DCA,1.2L Revotron 3-cylinder Petrol,1199 cc,86.0,170.0,12.5,"$11,300 ",Petrol,5,113 Nm,1199.0,113.0,5.0,11300.0,0.5058823529411764
Tata Motors,Altroz iTurbo,1.2L Turbocharged Petrol,1199 cc,110.0,180.0,10.0,"$12,000 ",Petrol,5,140 Nm,1199.0,140.0,5.0,12000.0,0.6111111111111112
Tata Motors,Altroz CNG,1.2L Revotron Bi-Fuel,1199 cc,86.0,165.0,12.0,"$11,800 ",Cng/Petrol,5,113 Nm,1199.0,113.0,5.0,11800.0,0.5212121212121212
Tata Motors,Tiago NRG,1.2L Revotron 3-cylinder Petrol,1199 cc,86.0,170.0,13.5,"$9,200 ",Petrol,5,113 Nm,1199.0,113.0,5.0,9200.0,0.5058823529411764
Tata Motors,Nano GenX,624cc MPFI,624 cc,37.0,105.0,29.0,"$4,000 ",Petrol,4,51 Nm,624.0,51.0,4.0,4000.0,0.3523809523809524
Tata Motors,Indica eV2,1.4L CR4 Diesel,1396 cc,70.0,155.0,16.0,"$6,200 ",Diesel,5,140 Nm,1396.0,140.0,5.0,6200.0,0.45161290322580644
Tata Motors,Indica V2 Xeta,1.2L MPFI Petrol,1193 cc,65.0,140.0,16.0,"$5,000 ",Petrol,5,100 Nm,1193.0,100.0,5.0,5000.0,0.4642857142857143
Tata Motors,Tigor,1.2L Revotron 3-cylinder Petrol,1199 cc,86.0,170.0,13.0,"$9,400 ",Petrol,5,113 Nm,1199.0,113.0,5.0,9400.0,0.5058823529411764
Tata Motors,Tigor EV,Permanent Magnet Synchronous,26 kWh,74.0,120.0,5.7,"$14,500 ",Electric,5,114 Nm,2500.0,114.0,5.0,14500.0,0.6166666666666667
Tata Motors,Zest,1.3L Quadrajet Diesel / 1.2L Revotron Petrol,1248 cc / 1199 cc,255.0,165.0,15.0,"$8,700 ",Diesel/Petrol,5,190 Nm / 140 Nm,2500.0,371.5,5.0,8700.0,1.5454545454545454
Tata Motors,Indigo eCS,1.4L CR4 Diesel,1396 cc,70.0,155.0,16.5,"$6,500 ",Diesel,5,140 Nm,1396.0,140.0,5.0,6500.0,0.45161290322580644
Cadillac,Escalade,6.2L V8 Gasoline,6200 cc,420.0,210.0,6.8,"$79,295 ",Petrol,7,624 Nm,6200.0,624.0,7.0,79295.0,2.0
Tata Motors,Indigo Marina,1.4L CR4 Diesel / 1.4L Petrol,1396 cc,255.0,150.0,17.0,"$8,300 ",Diesel/Petrol,5,135 Nm / 115 Nm,1396.0,371.5,5.0,8300.0,1.7
Tata Motors,Manza,1.3L Quadrajet Diesel / 1.4L Petrol,1248 cc / 1368 cc,255.0,160.0,14.0,"$9,000 ",Diesel/Petrol,5,200 Nm / 115 Nm,2500.0,371.5,5.0,9000.0,1.59375
Tata Motors,Indigo LX,1.4L CR4 Diesel,1396 cc,70.0,150.0,17.0,"$7,000 ",Diesel,5,140 Nm,1396.0,140.0,5.0,7000.0,0.4666666666666667
Tata Motors,Indigo GLX,1.4L MPFI Petrol,1396 cc,85.0,160.0,15.0,"$7,200 ",Petrol,5,115 Nm,1396.0,115.0,5.0,7200.0,0.53125
Cadillac,Escalade ESV,6.2L V8 Gasoline,6200 cc,420.0,205.0,6.9,"$82,295 ",Petrol,7,624 Nm,6200.0,624.0,7.0,82295.0,2.048780487804878
Tata Motors,Nexon,1.2L Turbo Petrol / 1.5L Diesel,1199 cc / 1497 cc,255.0,180.0,10.0,"$14,000 ",Petrol/Diesel,5,170-260 Nm,2500.0,215.0,5.0,14000.0,1.4166666666666667
Tata Motors,Nexon EV Max,Permanent Magnet Synchronous,40.5 kWh,143.0,140.0,9.0,"$25,000 ",Electric,5,250 Nm,2500.0,250.0,5.0,25000.0,1.0214285714285714
Tata Motors,Harrier,2.0L Kryotec Turbocharged Diesel,1956 cc,168.0,180.0,11.0,"$23,000 ",Diesel,5,350 Nm,1956.0,350.0,5.0,23000.0,0.9333333333333333
Tata Motors,Safari,2.0L Kryotec Turbocharged Diesel,1956 cc,168.0,180.0,11.0,"$25,500 ",Diesel,7,350 Nm,1956.0,350.0,7.0,25500.0,0.9333333333333333
Tata Motors,Punch,1.2L Revotron Petrol,1199 cc,86.0,160.0,16.0,"$10,500 ",Petrol,5,113 Nm,1199.0,113.0,5.0,10500.0,0.5375
Tata Motors,Hexa,2.2L Varicor Diesel,2179 cc,154.0,180.0,12.0,"$20,000 ",Diesel,7,400 Nm,2179.0,400.0,7.0,20000.0,0.8555555555555555
Tata Motors,Aria,2.2L Dicor Diesel,2179 cc,138.0,162.0,13.0,"$19,000 ",Diesel,7,320 Nm,2179.0,320.0,7.0,19000.0,0.8518518518518519
Tata Motors,Sumo Gold,3.0L CR4 Diesel,2956 cc,85.0,125.0,17.6,"$15,000 ",Diesel,7,250 Nm,2956.0,250.0,7.0,15000.0,0.68
Tata Motors,Sumo Grande,2.2L Dicor Diesel,2179 cc,118.0,140.0,15.0,"$16,500 ",Diesel,7,250 Nm,2179.0,250.0,7.0,16500.0,0.8428571428571429
Tata Motors,Nexon EV Prime,Permanent Magnet Synchronous,30.2 kWh,129.0,120.0,9.4,"$22,000 ",Electric,5,245 Nm,2500.0,245.0,5.0,22000.0,1.075
Tesla,Model S,Dual Electric Motors,100 kWh,670.0,250.0,3.1,"$88,490 ",Electric,5,967 Nm,2500.0,967.0,5.0,88490.0,2.68
Tesla,Model S Plaid,Tri Electric Motors,100 kWh,1020.0,322.0,2.1,"$108,490 ",Electric,5,"1,400 Nm",2500.0,1400.0,5.0,108490.0,3.1677018633540373
Tesla,Model 3,Single Electric Motor (RWD),60 kWh,283.0,225.0,5.8,"$40,240 ",Electric,5,420 Nm,2500.0,420.0,5.0,40240.0,1.2577777777777779
Tesla,Model 3 Performance,Dual Electric Motors (AWD),82 kWh,450.0,261.0,3.1,"$53,240 ",Electric,5,660 Nm,2500.0,660.0,5.0,53240.0,1.7241379310344827
Tesla,Model X,Dual Electric Motors (AWD),100 kWh,670.0,250.0,3.8,"$98,490 ",Electric,7,967 Nm,2500.0,967.0,7.0,98490.0,2.68
Tesla,Model X Plaid,Tri Electric Motors,100 kWh,1020.0,262.0,2.6,"$113,490 ",Electric,6,"1,400 Nm",2500.0,1400.0,6.0,113490.0,3.8931297709923665
Tesla,Model Y,Single Electric Motor (RWD),75 kWh,346.0,217.0,5.0,"$47,490 ",Electric,5,498 Nm,2500.0,498.0,5.0,47490.0,1.5944700460829493
Tesla,Model Y Long Range,Dual Electric Motors (AWD),82 kWh,384.0,217.0,4.8,"$50,490 ",Electric,5,559 Nm,2500.0,559.0,5.0,50490.0,1.7695852534562213
Tesla,Cybertruck,Tri Electric Motors,200 kWh,800.0,209.0,2.9,"$69,900 ",Electric,6,"1,355 Nm",2500.0,1355.0,6.0,69900.0,3.827751196172249
Tesla,Roadster 2,Quad Electric Motors,200 kWh,1288.0,402.0,1.9,"$200,000 ",Electric,4,"10,000 Nm",2500.0,10000.0,4.0,200000.0,3.2039800995024876
Jeep,Wrangler,3.6L V6 Pentastar Gasoline,3600 cc,285.0,180.0,6.8,"$35,195 ",Petrol,4,353 Nm,3600.0,353.0,4.0,35195.0,1.5833333333333333
Jeep,Wrangler Rubicon,2.0L Turbo I4 Gasoline,2000 cc,270.0,180.0,7.1,"$42,100 ",Petrol,4,400 Nm,2000.0,400.0,4.0,42100.0,1.5
Jeep,Grand Cherokee,3.6L V6 Pentastar Gasoline,3600 cc,293.0,209.0,7.0,"$41,530 ",Petrol,5,352 Nm,3600.0,352.0,5.0,41530.0,1.4019138755980862
Jeep,Grand Cherokee L,3.6L V6 Pentastar Gasoline,3600 cc,293.0,209.0,7.2,"$43,530 ",Petrol,7,352 Nm,3600.0,352.0,7.0,43530.0,1.4019138755980862
Jeep,Cherokee,2.4L I4 Tigershark Gasoline,2400 cc,180.0,195.0,8.5,"$37,695 ",Petrol,5,230 Nm,2400.0,230.0,5.0,37695.0,0.9230769230769231
Jeep,Compass,2.0L Turbo Gasoline,2000 cc,200.0,200.0,7.8,"$31,590 ",Petrol,5,320 Nm,2000.0,320.0,5.0,31590.0,1.0
Jeep,Renegade,1.3L Turbo I4 Gasoline,1300 cc,177.0,200.0,8.7,"$28,345 ",Petrol,5,285 Nm,1300.0,285.0,5.0,28345.0,0.885
Jeep,Gladiator,3.6L V6 Pentastar Gasoline,3600 cc,285.0,177.0,8.1,"$38,775 ",Petrol,5,353 Nm,3600.0,353.0,5.0,38775.0,1.6101694915254237
Jeep,Wagoneer,5.7L V8 Gasoline with eTorque,5700 cc,392.0,190.0,7.4,"$63,595 ",Petrol,8,548 Nm,5700.0,548.0,8.0,63595.0,2.0631578947368423
Jeep,Grand Wagoneer,6.4L V8 Gasoline,6400 cc,471.0,190.0,6.0,"$91,495 ",Petrol,8,617 Nm,6400.0,617.0,8.0,91495.0,2.4789473684210526
Jeep,Grand Cherokee 4xe,2.0L Turbo PHEV,17.3 kWh,375.0,210.0,6.0,"$59,865 ",Hybrid,5,637 Nm,2500.0,637.0,5.0,59865.0,1.7857142857142858
Jeep,Wrangler 4xe,2.0L Turbo PHEV,17.3 kWh,375.0,180.0,6.4,"$50,695 ",Hybrid,5,637 Nm,2500.0,637.0,5.0,50695.0,2.0833333333333335
Jeep,Compass 4xe,1.3L Turbo PHEV,11.4 kWh,240.0,200.0,7.3,"$46,500 ",Hybrid,5,270 Nm,2500.0,270.0,5.0,46500.0,1.2
Jeep,Renegade 4xe,1.3L Turbo PHEV,11.4 kWh,240.0,200.0,7.5,"$44,500 ",Hybrid,5,270 Nm,2500.0,270.0,5.0,44500.0,1.2
Mazda,Mazda2,1.5L 4-Cylinder,"1,500 cc",108.0,180.0,10.2,"$17,000-$20,000",Petrol,5,142 Nm,1500.0,142.0,5.0,18500.0,0.6
Jeep,Wagoneer S (Electric),Dual Electric Motors,100 kWh,600.0,177.0,4.5,"$80,000 ",Electric,5,850 Nm,2500.0,850.0,5.0,80000.0,3.389830508474576
Jeep,Gladiator Mojave Edition,3.6L V6 Pentastar Gasoline,3600 cc,285.0,177.0,8.6,"$51,570 ",Petrol,5,353 Nm,3600.0,353.0,5.0,51570.0,1.6101694915254237
Jeep,Grand Cherokee Summit Reserve,5.7L V8 Gasoline,5700 cc,357.0,190.0,7.3,"$66,575 ",Petrol,5,529 Nm,5700.0,529.0,5.0,66575.0,1.8789473684210527
Jeep,Jeep Cherokee X Edition,3.2L V6 Pentastar Gasoline,3200 cc,271.0,195.0,7.6,"$41,295 ",Petrol,5,324 Nm,3200.0,324.0,5.0,41295.0,1.3897435897435897
Jeep,Wrangler 392,6.4L V8 HEMI Gasoline,6400 cc,470.0,160.0,4.5,"$82,495 ",Petrol,4,637 Nm,6400.0,637.0,4.0,82495.0,2.9375
Cadillac,XT4,2.0L Turbo Inline-4 Gasoline,2000 cc,235.0,220.0,7.6,"$37,490 ",Petrol,5,350 Nm,2000.0,350.0,5.0,37490.0,1.0681818181818181
Cadillac,XT5,3.6L V6 Gasoline,3600 cc,310.0,210.0,6.5,"$44,195 ",Petrol,5,366 Nm,3600.0,366.0,5.0,44195.0,1.4761904761904763
Cadillac,XT6,3.6L V6 Gasoline,3600 cc,310.0,210.0,6.9,"$48,595 ",Petrol,7,366 Nm,3600.0,366.0,7.0,48595.0,1.4761904761904763
Cadillac,Lyriq EV,Single Electric Motor,100 kWh,340.0,190.0,5.7,"$58,590 ",Electric,5,440 Nm,2500.0,440.0,5.0,58590.0,1.7894736842105263
Cadillac,Escalade V,6.2L Supercharged V8 Gasoline,6200 cc,682.0,200.0,4.4,"$149,990 ",Petrol,7,885 Nm,6200.0,885.0,7.0,149990.0,3.41
Cadillac,Escalade Platinum,6.2L V8 Gasoline,6200 cc,420.0,210.0,6.8,"$104,595 ",Petrol,7,624 Nm,6200.0,624.0,7.0,104595.0,2.0
Cadillac,CT5-V Blackwing,6.2L Supercharged V8 Gasoline,6200 cc,668.0,320.0,3.4,"$92,000 ",Petrol,5,893 Nm,6200.0,893.0,5.0,92000.0,2.0875
Cadillac,CT4-V Blackwing,3.6L Twin-Turbo V6 Gasoline,3600 cc,472.0,290.0,3.9,"$60,495 ",Petrol,5,603 Nm,3600.0,603.0,5.0,60495.0,1.6275862068965516
Cadillac,XT4 Sport,2.0L Turbo Inline-4 Gasoline,2000 cc,235.0,220.0,7.4,"$41,390 ",Petrol,5,350 Nm,2000.0,350.0,5.0,41390.0,1.0681818181818181
Cadillac,XT5 Sport,3.6L V6 Gasoline,3600 cc,310.0,210.0,6.5,"$51,095 ",Petrol,5,366 Nm,3600.0,366.0,5.0,51095.0,1.4761904761904763
Cadillac,XT6 Sport,3.6L V6 Gasoline,3600 cc,310.0,210.0,6.9,"$57,095 ",Petrol,7,366 Nm,3600.0,366.0,7.0,57095.0,1.4761904761904763
Cadillac,Lyriq Launch Edition,Single Electric Motor,100 kWh,340.0,190.0,5.7,"$59,990 ",Electric,5,440 Nm,2500.0,440.0,5.0,59990.0,1.7894736842105263
Cadillac,Lyriq EV Premium,Dual Electric Motors,100 kWh,500.0,210.0,4.5,"$64,990 ",Electric,5,620 Nm,2500.0,620.0,5.0,64990.0,2.380952380952381
Cadillac,CT5 Premium Luxury,2.0L Turbo Inline-4 Gasoline,2000 cc,237.0,240.0,6.8,"$41,290 ",Petrol,5,350 Nm,2000.0,350.0,5.0,41290.0,0.9875
Chevrolet,Spark,1.4L Inline-4 Gasoline,1400 cc,98.0,180.0,10.7,"$14,595 ",Petrol,5,127 Nm,1400.0,127.0,5.0,14595.0,0.5444444444444444
Chevrolet,Sonic,1.4L Turbo Inline-4 Gasoline,1400 cc,138.0,190.0,8.5,"$16,720 ",Petrol,5,200 Nm,1400.0,200.0,5.0,16720.0,0.7263157894736842
Chevrolet,Malibu,1.5L Turbo Inline-4 Gasoline,1500 cc,160.0,210.0,8.0,"$25,000 ",Petrol,5,250 Nm,1500.0,250.0,5.0,25000.0,0.7619047619047619
Chevrolet,Camaro,2.0L Turbo Inline-4 Gasoline,2000 cc,275.0,240.0,5.4,"$26,400 ",Petrol,4,400 Nm,2000.0,400.0,4.0,26400.0,1.1458333333333333
Chevrolet,Corvette,6.2L V8 Gasoline,6200 cc,495.0,312.0,3.0,"$65,895 ",Petrol,2,637 Nm,6200.0,637.0,2.0,65895.0,1.5865384615384615
Chevrolet,Traverse,3.6L V6 Gasoline,3600 cc,310.0,210.0,7.0,"$35,915 ",Petrol,7,360 Nm,3600.0,360.0,7.0,35915.0,1.4761904761904763
Chevrolet,Equinox,1.5L Turbo Inline-4 Gasoline,1500 cc,170.0,200.0,8.9,"$26,600 ",Petrol,5,275 Nm,1500.0,275.0,5.0,26600.0,0.85
Chevrolet,Blazer,3.6L V6 Gasoline,3600 cc,308.0,220.0,6.6,"$44,000 ",Petrol,5,366 Nm,3600.0,366.0,5.0,44000.0,1.4
Chevrolet,Tahoe,5.3L V8 Gasoline,5300 cc,355.0,200.0,7.5,"$56,995 ",Petrol,7,519 Nm,5300.0,519.0,7.0,56995.0,1.775
Chevrolet,Suburban,5.3L V8 Gasoline,5300 cc,355.0,190.0,7.6,"$59,900 ",Petrol,8,519 Nm,5300.0,519.0,8.0,59900.0,1.868421052631579
Chevrolet,Colorado,2.7L Turbo Inline-4 Gasoline,2700 cc,310.0,190.0,6.8,"$30,695 ",Petrol,5,583 Nm,2700.0,583.0,5.0,30695.0,1.631578947368421
Chevrolet,Silverado 1500,5.3L V8 Gasoline,5300 cc,355.0,180.0,7.0,"$42,795 ",Petrol,6,519 Nm,5300.0,519.0,6.0,42795.0,1.9722222222222223
Chevrolet,Silverado 2500HD,6.6L V8 Gasoline,6600 cc,401.0,170.0,8.0,"$41,500 ",Petrol,6,629 Nm,6600.0,629.0,6.0,41500.0,2.3588235294117648
Chevrolet,Silverado 3500HD,6.6L V8 Diesel,6600 cc,445.0,160.0,8.5,"$45,500 ",Diesel,6,1234 Nm,6600.0,1234.0,6.0,45500.0,2.78125
Chevrolet,Bolt EV,Single Electric Motor,66 kWh,200.0,150.0,6.5,"$27,495 ",Electric,5,360 Nm,2500.0,360.0,5.0,27495.0,1.3333333333333333
Chevrolet,Bolt EUV,Single Electric Motor,66 kWh,200.0,150.0,7.0,"$28,795 ",Electric,5,360 Nm,2500.0,360.0,5.0,28795.0,1.3333333333333333
Chevrolet,Trailblazer,1.3L Turbo Inline-3 Gasoline,1300 cc,155.0,200.0,9.4,"$23,100 ",Petrol,5,236 Nm,1300.0,236.0,5.0,23100.0,0.775
Chevrolet,Malibu Premier,2.0L Turbo Inline-4 Gasoline,2000 cc,250.0,240.0,5.8,"$33,500 ",Petrol,5,353 Nm,2000.0,353.0,5.0,33500.0,1.0416666666666667
Chevrolet,Camaro ZL1,6.2L Supercharged V8 Gasoline,6200 cc,650.0,318.0,3.5,"$67,300 ",Petrol,4,881 Nm,6200.0,881.0,4.0,67300.0,2.0440251572327046
Chevrolet,Corvette Stingray,6.2L V8 Gasoline,6200 cc,495.0,312.0,3.0,"$65,895 ",Petrol,2,637 Nm,6200.0,637.0,2.0,65895.0,1.5865384615384615
Chevrolet,Silverado 1500 High Country,5.3L V8 Gasoline,5300 cc,355.0,180.0,7.0,"$61,595 ",Petrol,6,519 Nm,5300.0,519.0,6.0,61595.0,1.9722222222222223
Chevrolet,Silverado 1500 Trail Boss,5.3L V8 Gasoline,5300 cc,355.0,180.0,7.0,"$55,895 ",Petrol,6,519 Nm,5300.0,519.0,6.0,55895.0,1.9722222222222223
Chevrolet,Silverado 1500 RST,5.3L V8 Gasoline,5300 cc,355.0,180.0,7.1,"$50,895 ",Petrol,6,519 Nm,5300.0,519.0,6.0,50895.0,1.9722222222222223
Chevrolet,Colorado ZR2,2.8L Turbo Diesel I4,2800 cc,181.0,160.0,9.1,"$48,295 ",Diesel,5,500 Nm,2800.0,500.0,5.0,48295.0,1.13125
Chevrolet,Traverse Premier,3.6L V6 Gasoline,3600 cc,310.0,210.0,7.0,"$46,600 ",Petrol,7,360 Nm,3600.0,360.0,7.0,46600.0,1.4761904761904763
Chevrolet,Equinox Premier,1.5L Turbo Inline-4 Gasoline,1500 cc,170.0,200.0,8.8,"$33,400 ",Petrol,5,275 Nm,1500.0,275.0,5.0,33400.0,0.85
Chevrolet,Blazer RS,3.6L V6 Gasoline,3600 cc,308.0,220.0,6.6,"$48,900 ",Petrol,5,366 Nm,3600.0,366.0,5.0,48900.0,1.4
Chevrolet,Bolt EV 2LT,Single Electric Motor,66 kWh,200.0,150.0,6.7,"$28,795 ",Electric,5,360 Nm,2500.0,360.0,5.0,28795.0,1.3333333333333333
Chevrolet,Camaro SS,6.2L V8 Gasoline,6200 cc,455.0,290.0,4.3,"$43,500 ",Petrol,4,617 Nm,6200.0,617.0,4.0,43500.0,1.5689655172413792
Chevrolet,Corvette Grand Sport,6.2L V8 Gasoline,6200 cc,460.0,290.0,3.9,"$65,900 ",Petrol,2,630 Nm,6200.0,630.0,2.0,65900.0,1.5862068965517242
Chevrolet,Traverse RS,3.6L V6 Gasoline,3600 cc,310.0,210.0,7.0,"$43,700 ",Petrol,7,360 Nm,3600.0,360.0,7.0,43700.0,1.4761904761904763
Chevrolet,Blazer Premier,3.6L V6 Gasoline,3600 cc,308.0,220.0,6.6,"$45,000 ",Petrol,5,366 Nm,3600.0,366.0,5.0,45000.0,1.4
Chevrolet,Malibu LT,1.5L Turbo Inline-4 Gasoline,1500 cc,160.0,210.0,8.5,"$25,800 ",Petrol,5,250 Nm,1500.0,250.0,5.0,25800.0,0.7619047619047619
Chevrolet,Spark Activ,1.4L Inline-4 Gasoline,1400 cc,98.0,180.0,11.0,"$17,595 ",Petrol,5,127 Nm,1400.0,127.0,5.0,17595.0,0.5444444444444444
Chevrolet,Trax LT,1.2L Turbo Inline-3 Gasoline,1200 cc,137.0,200.0,9.2,"$24,100 ",Petrol,5,220 Nm,1200.0,220.0,5.0,24100.0,0.685
Chevrolet,Equinox LT,1.5L Turbo Inline-4 Gasoline,1500 cc,170.0,200.0,8.9,"$28,400 ",Petrol,5,275 Nm,1500.0,275.0,5.0,28400.0,0.85
Chevrolet,Silverado 3500HD High Country,6.6L V8 Diesel,6600 cc,445.0,160.0,8.5,"$75,700 ",Diesel,6,1234 Nm,6600.0,1234.0,6.0,75700.0,2.78125
Chevrolet,Colorado WT,2.7L Turbo Inline-4 Gasoline,2700 cc,310.0,190.0,6.9,"$29,200 ",Petrol,5,583 Nm,2700.0,583.0,5.0,29200.0,1.631578947368421
Chevrolet,Suburban High Country,6.2L V8 Gasoline,6200 cc,420.0,200.0,7.0,"$82,400 ",Petrol,8,624 Nm,6200.0,624.0,8.0,82400.0,2.1
Chevrolet,Silverado Custom,4.3L V6 Gasoline,4300 cc,285.0,180.0,8.5,"$33,900 ",Petrol,6,413 Nm,4300.0,413.0,6.0,33900.0,1.5833333333333333
Chevrolet,Spark LS,1.4L Inline-4 Gasoline,1400 cc,98.0,180.0,10.9,"$14,395 ",Petrol,5,127 Nm,1400.0,127.0,5.0,14395.0,0.5444444444444444
Chevrolet,Traverse LT,3.6L V6 Gasoline,3600 cc,310.0,210.0,7.1,"$37,200 ",Petrol,7,360 Nm,3600.0,360.0,7.0,37200.0,1.4761904761904763
Chevrolet,Blazer LT,2.5L Inline-4 Gasoline,2500 cc,193.0,200.0,9.0,"$36,100 ",Petrol,5,255 Nm,2500.0,255.0,5.0,36100.0,0.965
Chevrolet,Malibu Premier,2.0L Turbo Inline-4 Gasoline,2000 cc,250.0,240.0,5.8,"$34,500 ",Petrol,5,353 Nm,2000.0,353.0,5.0,34500.0,1.0416666666666667
Chevrolet,Equinox RS,1.5L Turbo Inline-4 Gasoline,1500 cc,170.0,200.0,8.8,"$31,900 ",Petrol,5,275 Nm,1500.0,275.0,5.0,31900.0,0.85
Chevrolet,Silverado 1500 Custom,4.3L V6 Gasoline,4300 cc,285.0,180.0,8.6,"$34,900 ",Petrol,6,413 Nm,4300.0,413.0,6.0,34900.0,1.5833333333333333
Chevrolet,Silverado 2500HD LTZ,6.6L V8 Diesel,6600 cc,445.0,160.0,8.4,"$56,400 ",Diesel,6,1234 Nm,6600.0,1234.0,6.0,56400.0,2.78125
Chevrolet,Tahoe RST,5.3L V8 Gasoline,5300 cc,355.0,180.0,7.4,"$64,100 ",Petrol,7,519 Nm,5300.0,519.0,7.0,64100.0,1.9722222222222223
Chevrolet,Suburban LT,5.3L V8 Gasoline,5300 cc,355.0,180.0,5.1,"$64,400 ",Petrol,8,519 Nm,5300.0,519.0,8.0,64400.0,1.9722222222222223
Chevrolet,Bolt EV Premier,Single Electric Motor,66 kWh,200.0,150.0,6.5,"$31,700 ",Electric,5,360 Nm,2500.0,360.0,5.0,31700.0,1.3333333333333333
Chevrolet,Tahoe LS,5.3L V8 Gasoline,5300 cc,355.0,180.0,7.5,"$56,995 ",Petrol,8,519 Nm,5300.0,519.0,8.0,56995.0,1.9722222222222223
Chevrolet,Tahoe LT,5.3L V8 Gasoline,5300 cc,355.0,180.0,7.4,"$62,495 ",Petrol,8,519 Nm,5300.0,519.0,8.0,62495.0,1.9722222222222223
Chevrolet,Tahoe Z71,5.3L V8 Gasoline,5300 cc,355.0,180.0,7.6,"$66,700 ",Petrol,7,519 Nm,5300.0,519.0,7.0,66700.0,1.9722222222222223
Chevrolet,Tahoe Premier,6.2L V8 Gasoline,6200 cc,420.0,200.0,6.8,"$71,600 ",Petrol,7,624 Nm,6200.0,624.0,7.0,71600.0,2.1
Chevrolet,Tahoe High Country,6.2L V8 Gasoline,6200 cc,420.0,200.0,6.7,"$76,700 ",Petrol,7,624 Nm,6200.0,624.0,7.0,76700.0,2.1
Chevrolet,Tahoe Midnight Edition,5.3L V8 Gasoline,5300 cc,355.0,180.0,7.5,"$65,500 ",Petrol,8,519 Nm,5300.0,519.0,8.0,65500.0,1.9722222222222223
Chevrolet,Tahoe Sport Edition,6.2L V8 Gasoline,6200 cc,420.0,200.0,6.8,"$70,000 ",Petrol,7,624 Nm,6200.0,624.0,7.0,70000.0,2.1
Gmc,Terrain,1.5L Turbo 4-cylinder,1500 cc,175.0,190.0,9.5,"$29,900 ",Petrol,5,275 Nm,1500.0,275.0,5.0,29900.0,0.9210526315789473
Gmc,Acadia,2.0L Turbo 4-cylinder,2000 cc,228.0,200.0,7.8,"$36,800 ",Petrol,7,350 Nm,2000.0,350.0,7.0,36800.0,1.14
Gmc,Yukon,5.3L V8 Gasoline,5300 cc,355.0,180.0,7.4,"$57,400 ",Petrol,8,519 Nm,5300.0,519.0,8.0,57400.0,1.9722222222222223
Gmc,Yukon XL,6.2L V8 Gasoline,6200 cc,420.0,200.0,6.9,"$61,100 ",Petrol,8,624 Nm,6200.0,624.0,8.0,61100.0,2.1
Gmc,Canyon,2.7L Turbo 4-cylinder,2700 cc,310.0,190.0,7.6,"$36,900 ",Petrol,5,583 Nm,2700.0,583.0,5.0,36900.0,1.631578947368421
Gmc,Sierra 1500,5.3L V8 Gasoline,5300 cc,355.0,180.0,7.3,"$37,100 ",Petrol,6,519 Nm,5300.0,519.0,6.0,37100.0,1.9722222222222223
Gmc,Sierra 2500HD,6.6L V8 Diesel,6600 cc,401.0,175.0,7.5,"$43,900 ",Diesel,6,629 Nm,6600.0,629.0,6.0,43900.0,2.2914285714285714
Gmc,Sierra 3500HD,6.6L V8 Diesel,6600 cc,445.0,175.0,7.4,"$49,000 ",Diesel,6,1234 Nm,6600.0,1234.0,6.0,49000.0,2.5428571428571427
Gmc,Hummer EV Pickup,Dual-Motor Electric,212 kWh,625.0,170.0,3.0,"$108,700 ",Electric,5,1000+ Nm,2500.0,371.5,5.0,108700.0,3.676470588235294
Gmc,Hummer EV SUV,Dual-Motor Electric,212 kWh,625.0,170.0,3.5,"$105,600 ",Electric,5,1000+ Nm,2500.0,371.5,5.0,105600.0,3.676470588235294
Gmc,Yukon Denali,6.2L V8 Gasoline,6200 cc,420.0,200.0,6.8,"$72,800 ",Petrol,8,624 Nm,6200.0,624.0,8.0,72800.0,2.1
Gmc,Sierra Denali,6.2L V8 Gasoline,6200 cc,420.0,190.0,6.7,"$66,800 ",Petrol,6,624 Nm,6200.0,624.0,6.0,66800.0,2.210526315789474
Gmc,Terrain AT4,1.5L Turbo 4-cylinder,1500 cc,175.0,190.0,9.6,"$36,500 ",Petrol,5,275 Nm,1500.0,275.0,5.0,36500.0,0.9210526315789473
Gmc,Acadia AT4,3.6L V6 Gasoline,3600 cc,310.0,210.0,7.6,"$41,400 ",Petrol,6,366 Nm,3600.0,366.0,6.0,41400.0,1.4761904761904763
Gmc,Sierra 1500 AT4,5.3L V8 Gasoline,5300 cc,355.0,180.0,7.4,"$53,800 ",Petrol,6,519 Nm,5300.0,519.0,6.0,53800.0,1.9722222222222223
Gmc,Sierra 2500HD Denali,6.6L V8 Diesel,6600 cc,401.0,175.0,7.5,"$72,200 ",Diesel,6,1234 Nm,6600.0,1234.0,6.0,72200.0,2.2914285714285714
Gmc,Sierra Elevation,2.7L Turbo 4-cylinder,2700 cc,310.0,190.0,7.6,"$45,000 ",Petrol,5,583 Nm,2700.0,583.0,5.0,45000.0,1.631578947368421
Gmc,Canyon AT4,2.7L Turbo 4-cylinder,2700 cc,310.0,190.0,7.5,"$43,900 ",Petrol,5,583 Nm,2700.0,583.0,5.0,43900.0,1.631578947368421
Gmc,Canyon Denali,2.7L Turbo 4-cylinder,2700 cc,310.0,190.0,7.5,"$48,000 ",Petrol,5,583 Nm,2700.0,583.0,5.0,48000.0,1.631578947368421
Gmc,Yukon XL Denali Ultimate,6.2L V8 Gasoline,6200 cc,420.0,200.0,6.7,"$93,800 ",Petrol,8,624 Nm,6200.0,624.0,8.0,93800.0,2.1
Gmc,Terrain Denali,1.5L Turbo 4-cylinder,1500 cc,175.0,190.0,9.5,"$38,600 ",Petrol,5,275 Nm,1500.0,275.0,5.0,38600.0,0.9210526315789473
Gmc,Acadia Denali,3.6L V6 engine,"3,564 cc",310.0,210.0,6.5,"$54,300 ",Petrol,7,366 Nm,3564.0,366.0,7.0,54300.0,1.4761904761904763
Gmc,Yukon AT4,5.3L V8 engine,"5,327 cc",355.0,210.0,7.1,"$71,505 ",Petrol,8,519 Nm,5327.0,519.0,8.0,71505.0,1.6904761904761905
Gmc,Yukon XL AT4,5.3L V8 engine,"5,327 cc",355.0,210.0,7.3,"$73,305 ",Petrol,8,519 Nm,5327.0,519.0,8.0,73305.0,1.6904761904761905
Gmc,Sierra 1500 Elevation,2.7L Turbo engine,"2,713 cc",310.0,180.0,7.0,"$52,000 ",Petrol,5,569 Nm,2713.0,569.0,5.0,52000.0,1.7222222222222223
Gmc,Sierra 1500 SLT,5.3L V8 engine,"5,327 cc",355.0,180.0,6.8,"$56,000 ",Petrol,5,519 Nm,5327.0,519.0,5.0,56000.0,1.9722222222222223
Gmc,Sierra 2500HD AT4,6.6L V8 engine,"6,600 cc",401.0,170.0,7.5,"$70,000 ",Petrol,5,629 Nm,6600.0,629.0,5.0,70000.0,2.3588235294117648
Gmc,Sierra 3500HD AT4,6.6L V8 engine,"6,600 cc",401.0,170.0,7.7,"$72,000 ",Petrol,5,629 Nm,6600.0,629.0,5.0,72000.0,2.3588235294117648
Gmc,Canyon Elevation,2.5L I4 engine,"2,488 cc",200.0,175.0,8.5,"$36,300 ",Petrol,5,259 Nm,2488.0,259.0,5.0,36300.0,1.1428571428571428
Gmc,Canyon Denali Black Edition,3.6L V6 engine,"3,564 cc",308.0,180.0,6.9,"$44,000 ",Petrol,5,373 Nm,3564.0,373.0,5.0,44000.0,1.711111111111111
Gmc,Sierra 1500 Denali Ultimate,6.2L V8 engine,"6,162 cc",420.0,200.0,5.8,"$80,000 ",Petrol,5,624 Nm,6162.0,624.0,5.0,80000.0,2.1
Gmc,Yukon XL Denali Reserve,6.2L V8 engine,"6,162 cc",420.0,210.0,6.0,"$82,000 ",Petrol,7,624 Nm,6162.0,624.0,7.0,82000.0,2.0
Gmc,Terrain Elevation Edition,1.5L Turbocharged I4 engine,"1,490 cc",170.0,200.0,9.3,"$28,700 ",Petrol,5,275 Nm,1490.0,275.0,5.0,28700.0,0.85
Gmc,Acadia Black Edition,3.6L V6 engine,"3,564 cc",310.0,210.0,6.5,"$45,000 ",Petrol,7,366 Nm,3564.0,366.0,7.0,45000.0,1.4761904761904763
Gmc,Hummer EV SUV Edition 1,"Electric motors with up to 11,500 lb-ft torque",200 kWh,255.0,170.0,3.5,"$96,550 ",Electric,5,"15,590 Nm",2500.0,15590.0,5.0,96550.0,1.5
Gmc,Hummer EV Pickup Edition 1,"Electric motors with up to 11,500 lb-ft torque",200 kWh,255.0,170.0,3.0,"$96,550 ",Electric,5,"15,590 Nm",2500.0,15590.0,5.0,96550.0,1.5
Gmc,Sierra Denali CarbonPro,6.2L V8 engine,"6,162 cc",420.0,200.0,5.8,"$65,000 ",Petrol,5,624 Nm,6162.0,624.0,5.0,65000.0,2.1
Gmc,Yukon Denali Performance,6.2L V8 engine,"6,162 cc",420.0,210.0,6.0,"$76,805 ",Petrol,8,624 Nm,6162.0,624.0,8.0,76805.0,2.0
Gmc,Sierra 2500HD Denali Black Edition,6.6L V8 engine,"6,600 cc",401.0,170.0,7.5,"$75,000 ",Petrol,5,629 Nm,6600.0,629.0,5.0,75000.0,2.3588235294117648
Gmc,Canyon AT4X,3.6L V6 engine,"3,564 cc",308.0,180.0,6.9,"$50,000 ",Petrol,5,373 Nm,3564.0,373.0,5.0,50000.0,1.711111111111111
Gmc,Yukon XL SLT,5.3L V8 engine,"5,327 cc",355.0,210.0,7.3,"$65,000 ",Petrol,8,519 Nm,5327.0,519.0,8.0,65000.0,1.6904761904761905
Gmc,Sierra 1500 Pro,4.3L V6 engine,"4,300 cc",285.0,180.0,7.5,"$37,700 ",Petrol,3,413 Nm,4300.0,413.0,3.0,37700.0,1.5833333333333333
Gmc,Sierra 2500HD Pro,6.6L V8 engine,"6,600 cc",401.0,170.0,7.7,"$60,000 ",Petrol,3,629 Nm,6600.0,629.0,3.0,60000.0,2.3588235294117648
Gmc,Sierra 3500HD Pro,6.6L V8 engine,"6,600 cc",401.0,170.0,7.8,"$62,000 ",Petrol,3,629 Nm,6600.0,629.0,3.0,62000.0,2.3588235294117648
Gmc,Terrain SLT,1.5L Turbocharged I4 engine,"1,490 cc",170.0,200.0,9.4,"$31,000 ",Petrol,5,275 Nm,1490.0,275.0,5.0,31000.0,0.85
Gmc,Acadia SLE,3.6L V6 engine,"3,564 cc",310.0,210.0,6.6,"$40,000 ",Petrol,7,366 Nm,3564.0,366.0,7.0,40000.0,1.4761904761904763
Gmc,Canyon SLT,2.5L I4 engine,"2,488 cc",200.0,175.0,8.6,"$38,000 ",Petrol,5,259 Nm,2488.0,259.0,5.0,38000.0,1.1428571428571428
Gmc,Yukon XL Elevation,5.3L V8 engine,"5,327 cc",355.0,210.0,7.4,"$75,000 ",Petrol,8,519 Nm,5327.0,519.0,8.0,75000.0,1.6904761904761905
Gmc,Sierra 1500 AT4X,6.2L V8 engine,"6,162 cc",420.0,200.0,5.9,"$82,000 ",Petrol,5,624 Nm,6162.0,624.0,5.0,82000.0,2.1
Gmc,Hummer EV SUV Extreme Off-Road,"Electric motors with up to 11,500 lb-ft torque",200 kWh,255.0,170.0,3.6,"$110,000 ",Electric,5,"15,590 Nm",2500.0,15590.0,5.0,110000.0,1.5
Gmc,Sierra EV Denali,Electric motors with advanced AWD,200 kWh,255.0,170.0,4.5,"$108,700 ",Electric,5,"1,064 Nm",2500.0,1064.0,5.0,108700.0,1.5
Gmc,Hummer EV Omega Edition,"Electric motors with up to 11,500 lb-ft torque",200 kWh,255.0,170.0,3.0,"$112,700 ",Electric,5,"15,590 Nm",2500.0,15590.0,5.0,112700.0,1.5
Gmc,Canyon AT4X Edition 1,3.6L V6 engine,"3,564 cc",308.0,180.0,6.8,"$55,000 ",Petrol,5,373 Nm,3564.0,373.0,5.0,55000.0,1.711111111111111
Gmc,Yukon Denali Ultimate Black,6.2L V8 engine,"6,162 cc",420.0,210.0,6.0,"$90,000 ",Petrol,8,624 Nm,6162.0,624.0,8.0,90000.0,2.0
Gmc,Sierra HD Denali Reserve,6.6L V8 engine,"6,600 cc",401.0,170.0,7.5,"$85,000 ",Petrol,5,629 Nm,6600.0,629.0,5.0,85000.0,2.3588235294117648
Gmc,Acadia Denali Ultimate,3.6L V6 engine,"3,564 cc",310.0,210.0,6.5,"$60,000 ",Petrol,7,366 Nm,3564.0,366.0,7.0,60000.0,1.4761904761904763
Gmc,Terrain All-Terrain Edition,1.5L Turbocharged I4 engine,"1,490 cc",170.0,200.0,9.3,"$35,000 ",Petrol,5,275 Nm,1490.0,275.0,5.0,35000.0,0.85
Gmc,Yukon Trailering Edition,5.3L V8 engine,"5,327 cc",355.0,210.0,7.5,"$78,000 ",Petrol,8,519 Nm,5327.0,519.0,8.0,78000.0,1.6904761904761905
Gmc,Hummer EV Adventure Series,"Electric motors with up to 11,500 lb-ft torque",200 kWh,255.0,170.0,3.6,"$105,000 ",Electric,5,"15,590 Nm",2500.0,15590.0,5.0,105000.0,1.5
Kia,Rio,1.6L 4-Cylinder,1591 cc,120.0,180.0,10.3,"$17,000 ",Petrol,5,151 Nm,1591.0,151.0,5.0,17000.0,0.6666666666666666
Kia,Rio 5-Door,1.6L 4-Cylinder,1591 cc,120.0,180.0,10.3,"$18,000 ",Petrol,5,151 Nm,1591.0,151.0,5.0,18000.0,0.6666666666666666
Kia,Seltos Nightfall Edition,1.6L Turbocharged 4-Cylinder,1591 cc,175.0,210.0,7.5,"$28,000 ",Petrol,5,264 Nm,1591.0,264.0,5.0,28000.0,0.8333333333333334
Peugeot,508 PSE (Peugeot Sport Engineered),Hybrid I4 + Electric Motor,"1,599 cc (petrol) + Electric Motor",360.0,250.0,5.2,"$55,000 ",Hybrid,5,520 Nm,2500.0,520.0,5.0,55000.0,1.44
Kia,Sorento X-Line,2.5L Turbocharged 4-Cylinder,2500 cc,277.0,220.0,7.0,"$42,000 ",Petrol,7,421 Nm,2500.0,421.0,7.0,42000.0,1.259090909090909
Kia,Telluride SX,3.8L V6,3778 cc,291.0,240.0,7.0,"$50,000 ",Petrol,7,355 Nm,3778.0,355.0,7.0,50000.0,1.2125
Kia,Forte LXS,2.0L 4-Cylinder,1999 cc,147.0,190.0,9.2,"$19,000 ",Petrol,5,179 Nm,1999.0,179.0,5.0,19000.0,0.7736842105263158
Kia,K5 EX,1.6L Turbocharged 4-Cylinder,1591 cc,180.0,220.0,7.8,"$28,500 ",Petrol,5,264 Nm,1591.0,264.0,5.0,28500.0,0.8181818181818182
Kia,Niro Plug-In Hybrid,1.6L 4-Cylinder Hybrid,1591 cc,139.0,180.0,10.5,"$33,000 ",Hybrid,5,265 Nm,1591.0,265.0,5.0,33000.0,0.7722222222222223
Kia,EV6 Wind,Electric Motor,77.4 kWh,225.0,190.0,5.2,"$50,000 ",Electric,5,350 Nm,2500.0,350.0,5.0,50000.0,1.1842105263157894
Kia,Soul Turbo,1.6L Turbocharged 4-Cylinder,1591 cc,201.0,200.0,6.5,"$28,000 ",Petrol,5,264 Nm,1591.0,264.0,5.0,28000.0,1.005
Kia,Seltos SX,1.6L Turbocharged 4-Cylinder,1591 cc,175.0,210.0,7.5,"$28,500 ",Petrol,5,264 Nm,1591.0,264.0,5.0,28500.0,0.8333333333333334
Kia,Stinger Scorpion Edition,2.5L Turbocharged 4-Cylinder,2500 cc,300.0,270.0,5.0,"$55,000 ",Petrol,5,422 Nm,2500.0,422.0,5.0,55000.0,1.1111111111111112
Kia,Sorento Hybrid SX Prestige,1.6L Hybrid Turbocharged 4-Cylinder,1591 cc,227.0,200.0,7.9,"$47,000 ",Hybrid,7,352 Nm,1591.0,352.0,7.0,47000.0,1.135
Kia,Carnival EX,3.5L V6,3500 cc,290.0,220.0,8.0,"$42,500 ",Petrol,8,355 Nm,3500.0,355.0,8.0,42500.0,1.3181818181818181
Kia,Telluride Nightfall Edition,3.8L V6,3778 cc,291.0,240.0,7.0,"$51,000 ",Petrol,7,355 Nm,3778.0,355.0,7.0,51000.0,1.2125
Peugeot,508 Plug-In Hybrid,Hybrid I4 + Electric Motor,"1,598 cc (petrol) + Electric Motor",225.0,210.0,7.5,"$44,000 ",Hybrid,5,360 Nm,2500.0,360.0,5.0,44000.0,1.0714285714285714
Kia,EV6 First Edition,Electric Motor,77.4 kWh,320.0,230.0,5.0,"$58,000 ",Electric,5,450 Nm,2500.0,450.0,5.0,58000.0,1.391304347826087
Kia,Niro Touring,1.6L 4-Cylinder Hybrid,1591 cc,139.0,180.0,10.5,"$33,000 ",Hybrid,5,265 Nm,1591.0,265.0,5.0,33000.0,0.7722222222222223
Kia,Forte GT-Line,1.6L Turbocharged 4-Cylinder,1591 cc,201.0,200.0,6.5,"$25,000 ",Petrol,5,264 Nm,1591.0,264.0,5.0,25000.0,1.005
Kia,Seltos EX,2.0L 4-Cylinder,1999 cc,146.0,190.0,9.0,"$23,500 ",Petrol,5,179 Nm,1999.0,179.0,5.0,23500.0,0.7684210526315789
Peugeot,3008 Plug-In Hybrid,Hybrid I4 + Electric Motor,"1,598 cc (petrol) + Electric Motor",225.0,210.0,7.0,"$42,000 ",Hybrid,5,360 Nm,2500.0,360.0,5.0,42000.0,1.0714285714285714
Kia,Sorento LX,2.5L 4-Cylinder,2500 cc,191.0,210.0,8.5,"$35,500 ",Petrol,7,246 Nm,2500.0,246.0,7.0,35500.0,0.9095238095238095
Kia,Telluride EX,3.8L V6,3778 cc,291.0,240.0,7.0,"$44,000 ",Petrol,7,355 Nm,3778.0,355.0,7.0,44000.0,1.2125
Kia,Soul EX,2.0L 4-Cylinder,1999 cc,147.0,190.0,9.5,"$22,000 ",Petrol,5,179 Nm,1999.0,179.0,5.0,22000.0,0.7736842105263158
Kia,Forte FE,2.0L 4-Cylinder,1999 cc,147.0,190.0,9.2,"$18,500 ",Petrol,5,179 Nm,1999.0,179.0,5.0,18500.0,0.7736842105263158
Kia,K5 GT-Line,1.6L Turbocharged 4-Cylinder,1591 cc,180.0,220.0,7.8,"$29,000 ",Petrol,5,264 Nm,1591.0,264.0,5.0,29000.0,0.8181818181818182
Kia,Carnival LXS,3.5L V6,3500 cc,290.0,220.0,8.0,"$39,500 ",Petrol,8,355 Nm,3500.0,355.0,8.0,39500.0,1.3181818181818181
Kia,EV6 Light,Electric Motor,77.4 kWh,225.0,190.0,5.2,"$46,000 ",Electric,5,350 Nm,2500.0,350.0,5.0,46000.0,1.1842105263157894
Kia,Niro EX,1.6L 4-Cylinder Hybrid,1591 cc,139.0,180.0,10.5,"$30,000 ",Hybrid,5,265 Nm,1591.0,265.0,5.0,30000.0,0.7722222222222223
Kia,Stinger GT,3.3L Turbocharged V6,3300 cc,365.0,270.0,4.7,"$51,500 ",Petrol,5,510 Nm,3300.0,510.0,5.0,51500.0,1.3518518518518519
Kia,Sorento SX Prestige,2.5L Hybrid Turbocharged 4-Cylinder,1591 cc,227.0,200.0,7.9,"$48,000 ",Hybrid,7,352 Nm,1591.0,352.0,7.0,48000.0,1.135
Kia,Telluride SX Prestige,3.8L V6,3778 cc,291.0,240.0,7.0,"$52,000 ",Petrol,7,355 Nm,3778.0,355.0,7.0,52000.0,1.2125
Peugeot,508 Hybrid4,Hybrid I4 + Electric Motor,"1,598 cc (petrol) + Electric Motor",300.0,235.0,6.0,"$47,000 ",Hybrid,5,520 Nm,2500.0,520.0,5.0,47000.0,1.2765957446808511
Kia,EV6 GT Performance,Electric Motor,77.4 kWh,577.0,260.0,3.5,"$65,000 ",Electric,5,740 Nm,2500.0,740.0,5.0,65000.0,2.2192307692307693
Kia,Niro SX Touring,1.6L 4-Cylinder Hybrid,1591 cc,139.0,180.0,10.5,"$34,500 ",Hybrid,5,265 Nm,1591.0,265.0,5.0,34500.0,0.7722222222222223
Kia,Carnival SX Prestige,3.5L V6,3500 cc,290.0,220.0,8.0,"$47,000 ",Petrol,8,355 Nm,3500.0,355.0,8.0,47000.0,1.3181818181818181
Kia,Seltos SX Turbo,1.6L Turbocharged 4-Cylinder,1591 cc,175.0,210.0,7.5,"$32,000 ",Petrol,5,264 Nm,1591.0,264.0,5.0,32000.0,0.8333333333333334
Kia,Forte EX Premium,2.0L 4-Cylinder,1999 cc,147.0,190.0,9.2,"$22,500 ",Petrol,5,179 Nm,1999.0,179.0,5.0,22500.0,0.7736842105263158
Kia,Soul EX Designer Edition,2.0L 4-Cylinder,1999 cc,147.0,190.0,9.5,"$23,500 ",Petrol,5,179 Nm,1999.0,179.0,5.0,23500.0,0.7736842105263158
Kia,Rio S,1.6L 4-Cylinder,1591 cc,120.0,180.0,10.3,"$17,500 ",Petrol,5,151 Nm,1591.0,151.0,5.0,17500.0,0.6666666666666666
Kia,Rio 5-Door S,1.6L 4-Cylinder,1591 cc,120.0,180.0,10.3,"$18,000 ",Petrol,5,151 Nm,1591.0,151.0,5.0,18000.0,0.6666666666666666
Kia,Soul S,2.0L 4-Cylinder,1999 cc,147.0,190.0,9.5,"$20,500 ",Petrol,5,179 Nm,1999.0,179.0,5.0,20500.0,0.7736842105263158
Kia,Seltos LX,2.0L 4-Cylinder,1999 cc,146.0,190.0,9.2,"$23,000 ",Petrol,5,179 Nm,1999.0,179.0,5.0,23000.0,0.7684210526315789
Peugeot,3008 Hybrid4,Hybrid I4+ Electric Motor,"1,599 cc (Petrol) + Electric Motor",300.0,235.0,6.0,"$45,000 ",Hybrid,5,520 Nm,2500.0,520.0,5.0,45000.0,1.2765957446808511
Kia,Sorento Hybrid EX,1.6L Hybrid Turbocharged 4-Cylinder,1591 cc,227.0,200.0,7.9,"$47,000 ",Hybrid,7,352 Nm,1591.0,352.0,7.0,47000.0,1.135
Kia,Telluride LX,3.8L V6,3778 cc,291.0,240.0,7.0,"$41,500 ",Petrol,7,355 Nm,3778.0,355.0,7.0,41500.0,1.2125
Kia,Carnival MPV EX,3.5L V6,3500 cc,290.0,220.0,8.0,"$43,500 ",Petrol,8,355 Nm,3500.0,355.0,8.0,43500.0,1.3181818181818181
Kia,EV6 AWD GT-Line,Electric Motor,77.4 kWh,320.0,230.0,5.0,"$60,000 ",Electric,5,450 Nm,2500.0,450.0,5.0,60000.0,1.391304347826087
Kia,Forte GT Turbo,1.6L Turbocharged 4-Cylinder,1591 cc,201.0,200.0,6.5,"$25,500 ",Petrol,5,264 Nm,1591.0,264.0,5.0,25500.0,1.005
Kia,Soul GT Designer Edition,2.0L 4-Cylinder,1999 cc,147.0,190.0,9.5,"$23,000 ",Petrol,5,179 Nm,1999.0,179.0,5.0,23000.0,0.7736842105263158
Kia,Seltos X-Line Turbo,1.6L Turbocharged 4-Cylinder,1591 cc,175.0,210.0,7.5,"$30,000 ",Petrol,5,264 Nm,1591.0,264.0,5.0,30000.0,0.8333333333333334
Peugeot,e-2008 GT,Electric Motor,50 kWh,136.0,200.0,8.5,"$40,000 ",Electric,5,260 Nm,2500.0,260.0,5.0,40000.0,0.68
Kia,Telluride Limited Edition,3.8L V6,3778 cc,291.0,240.0,7.0,"$53,000 ",Petrol,7,355 Nm,3778.0,355.0,7.0,53000.0,1.2125
Kia,Stinger GT-Line,2.5L Turbocharged 4-Cylinder,2500 cc,300.0,270.0,5.0,"$50,000 ",Petrol,5,422 Nm,2500.0,422.0,5.0,50000.0,1.1111111111111112
Kia,Carnival Special Edition,3.5L V6,3500 cc,290.0,220.0,8.0,"$45,500 ",Petrol,8,355 Nm,3500.0,355.0,8.0,45500.0,1.3181818181818181
Kia,Niro SX Hybrid,1.6L Hybrid Turbocharged 4-Cylinder,1591 cc,139.0,180.0,10.5,"$36,000 ",Hybrid,5,265 Nm,1591.0,265.0,5.0,36000.0,0.7722222222222223
Kia,EV6 First Edition AWD,Electric Motor,77.4 kWh,320.0,230.0,5.0,"$62,000 ",Electric,5,450 Nm,2500.0,450.0,5.0,62000.0,1.391304347826087
Kia,Sorento X-Pro Hybrid,1.6L Hybrid Turbocharged 4-Cylinder,1591 cc,227.0,200.0,7.8,"$49,000 ",Hybrid,7,352 Nm,1591.0,352.0,7.0,49000.0,1.135
Kia,Forte Limited Edition,2.0L 4-Cylinder,1999 cc,147.0,190.0,9.2,"$22,500 ",Petrol,5,179 Nm,1999.0,179.0,5.0,22500.0,0.7736842105263158
Bugatti,Chiron,8.0L Quad-Turbo W16,7993 cc,1500.0,420.0,2.5,"$3,000,000 ",Petrol,2,1600 Nm,7993.0,1600.0,2.0,3000000.0,3.5714285714285716
Bugatti,Chiron Pur Sport,8.0L Quad-Turbo W16,7993 cc,1500.0,350.0,2.3,"$3,300,000 ",Petrol,2,1600 Nm,7993.0,1600.0,2.0,3300000.0,4.285714285714286
Bugatti,Chiron Super Sport,8.0L Quad-Turbo W16,7993 cc,1600.0,490.0,2.4,"$3,500,000 ",Petrol,2,1600 Nm,7993.0,1600.0,2.0,3500000.0,3.2653061224489797
Bugatti,Chiron Sport,8.0L Quad-Turbo W16,7993 cc,1500.0,420.0,2.4,"$3,300,000 ",Petrol,2,1600 Nm,7993.0,1600.0,2.0,3300000.0,3.5714285714285716
Bugatti,Chiron Noire,8.0L Quad-Turbo W16,7993 cc,1500.0,420.0,2.5,"$3,300,000 ",Petrol,2,1600 Nm,7993.0,1600.0,2.0,3300000.0,3.5714285714285716
Bugatti,Divo,8.0L Quad-Turbo W16,7993 cc,1500.0,380.0,2.4,"$5,800,000 ",Petrol,2,1600 Nm,7993.0,1600.0,2.0,5800000.0,3.9473684210526314
Bugatti,Centodieci,8.0L Quad-Turbo W16,7993 cc,1600.0,380.0,2.4,"$9,000,000 ",Petrol,2,1600 Nm,7993.0,1600.0,2.0,9000000.0,4.2105263157894735
Bugatti,La Voiture Noire,8.0L Quad-Turbo W16,7993 cc,1500.0,420.0,2.5,"$18,000,000 ",Petrol,2,1600 Nm,7993.0,1600.0,2.0,18000000.0,3.5714285714285716
Bugatti,Bolide,8.0L Quad-Turbo W16,7993 cc,1850.0,500.0,2.2,"$4,500,000 ",Petrol,2,1600 Nm,7993.0,1600.0,2.0,4500000.0,3.7
Bugatti,Mistral,8.0L Quad-Turbo W16,7993 cc,1600.0,420.0,2.4,"$5,000,000 ",Petrol,2,1600 Nm,7993.0,1600.0,2.0,5000000.0,3.8095238095238093
Volvo,Volvo FH,13.0L I6 Turbo Diesel,13000 cc,540.0,120.0,15.0,"$120,000 ",Diesel,2,2600 Nm,13000.0,2600.0,2.0,120000.0,4.5
Volvo,Volvo FH16,16.1L I6 Turbo Diesel,16100 cc,750.0,120.0,14.5,"$160,000 ",Diesel,2,3500 Nm,16100.0,3500.0,2.0,160000.0,6.25
Volvo,Volvo FM,12.8L I6 Turbo Diesel,12800 cc,460.0,110.0,16.0,"$100,000 ",Diesel,2,2200 Nm,12800.0,2200.0,2.0,100000.0,4.181818181818182
Volvo,Volvo FMX,13.0L I6 Turbo Diesel,13000 cc,500.0,110.0,16.5,"$110,000 ",Diesel,2,2500 Nm,13000.0,2500.0,2.0,110000.0,4.545454545454546
Volvo,Volvo VNL,12.8L I6 Turbo Diesel,12800 cc,500.0,120.0,15.0,"$125,000 ",Diesel,2,2400 Nm,12800.0,2400.0,2.0,125000.0,4.166666666666667
Volvo,Volvo VNR,12.8L I6 Turbo Diesel,12800 cc,400.0,110.0,17.0,"$95,000 ",Diesel,2,1800 Nm,12800.0,1800.0,2.0,95000.0,3.6363636363636362
Volvo,Volvo VHD,12.8L I6 Turbo Diesel,12800 cc,500.0,100.0,18.0,"$120,000 ",Diesel,2,2500 Nm,12800.0,2500.0,2.0,120000.0,5.0
Volvo,Volvo FE,7.7L I6 Turbo Diesel,7700 cc,280.0,90.0,20.0,"$85,000 ",Diesel,2,1200 Nm,7700.0,1200.0,2.0,85000.0,3.111111111111111
Volvo,Volvo FL,5.1L I4 Turbo Diesel,5100 cc,180.0,80.0,22.0,"$75,000 ",Diesel,2,800 Nm,5100.0,800.0,2.0,75000.0,2.25
Jaguar Land Rover,Jaguar F-Type,V6 / V8 Petrol,2995 cc (V6),335.0,260.0,5.1,"$70,000 ",Petrol,2,450 Nm,2500.0,450.0,2.0,70000.0,1.2884615384615385
Jaguar Land Rover,Jaguar XE,I4 Petrol,1999 cc (I4),250.0,250.0,6.5,"$45,000 ",Petrol,5,365 Nm,2500.0,365.0,5.0,45000.0,1.0
Jaguar Land Rover,Jaguar XF,I4 Petrol,1999 cc (I4),250.0,250.0,6.5,"$50,000 ",Petrol,5,365 Nm,2500.0,365.0,5.0,50000.0,1.0
Jaguar Land Rover,Jaguar XJ,V6 Petrol,2995 cc (V6),300.0,250.0,6.0,"$85,000 ",Petrol,5,400 Nm,2500.0,400.0,5.0,85000.0,1.2
Jaguar Land Rover,Jaguar E-PACE,I4 Petrol,1999 cc (I4),200.0,230.0,7.0,"$50,000 ",Petrol,5,430 Nm,2500.0,430.0,5.0,50000.0,0.8695652173913043
Jaguar Land Rover,Jaguar I-PACE,Electric (Dual Motor),90 kWh (Battery),400.0,200.0,4.8,"$70,000 ",Electric,5,696 Nm,2500.0,696.0,5.0,70000.0,2.0
Jaguar Land Rover,Jaguar F-PACE,I4 Petrol / V6 Petrol,1999 cc (I4) / 2995 cc (V6),255.0,230.0,7.1,"$55,000 / $65,000",Petrol,5,365 Nm / 480 Nm,2500.0,371.5,5.0,42807.5,1.108695652173913
Jaguar Land Rover,Jaguar X-TYPE,I4 Petrol,1998 cc (I4),160.0,215.0,9.0,"$40,000 ",Petrol,5,215 Nm,2500.0,215.0,5.0,40000.0,0.7441860465116279
Jaguar Land Rover,Jaguar F-PACE R-Dynamic,I4 Petrol / V6 Petrol,1999 cc (I4) / 2995 cc (V6),340.0,250.0,5.4,"$65,000 ",Petrol,5,480 Nm,2500.0,480.0,5.0,65000.0,1.36
Jaguar Land Rover,Jaguar XE R-Dynamic,I4 Petrol,1999 cc (I4),340.0,250.0,5.4,"$60,000 ",Petrol,5,450 Nm,2500.0,450.0,5.0,60000.0,1.36
Jaguar Land Rover,Jaguar F-Type SVR,V8 Petrol,5000 cc (V8),575.0,320.0,3.7,"$120,000 ",Petrol,2,700 Nm,2500.0,700.0,2.0,120000.0,1.796875
Jaguar Land Rover,Jaguar I-PACE Electric Performance,Electric (Dual Motor),90 kWh (Battery),400.0,200.0,4.5,"$85,000 ",Electric,5,696 Nm,2500.0,696.0,5.0,85000.0,2.0
Jaguar Land Rover,Jaguar F-PACE SVR,V8 Petrol,5000 cc (V8),550.0,283.0,4.0,"$85,000 ",Petrol,5,700 Nm,2500.0,700.0,5.0,85000.0,1.9434628975265018
Jaguar Land Rover,Jaguar XE S,I4 Petrol,1999 cc (I4),340.0,250.0,5.3,"$55,000 ",Petrol,5,450 Nm,2500.0,450.0,5.0,55000.0,1.36
Jaguar Land Rover,Jaguar XF R-Dynamic,I4 Petrol / V6 Petrol,1999 cc (I4) / 2995 cc (V6),340.0,250.0,5.4,"$65,000 ",Petrol,5,480 Nm,2500.0,480.0,5.0,65000.0,1.36
Jaguar Land Rover,Jaguar XJ LWB (Long Wheelbase),V6 Petrol,2995 cc (V6),300.0,250.0,6.0,"$90,000 ",Petrol,5,400 Nm,2500.0,400.0,5.0,90000.0,1.2
Jaguar Land Rover,Jaguar F-Type Heritage Edition,V8 Petrol,5000 cc (V8),550.0,300.0,3.9,"$110,000 ",Petrol,2,680 Nm,2500.0,680.0,2.0,110000.0,1.8333333333333333
Jaguar Land Rover,Jaguar E-PACE S,I4 Petrol,1999 cc (I4),200.0,230.0,7.0,"$50,000 ",Petrol,5,430 Nm,2500.0,430.0,5.0,50000.0,0.8695652173913043
Jaguar Land Rover,Jaguar I-PACE HSE,Electric (Dual Motor),90 kWh (Battery),400.0,200.0,4.5,"$90,000 ",Electric,5,696 Nm,2500.0,696.0,5.0,90000.0,2.0
Jaguar Land Rover,Jaguar F-Type V8 R,V8 Petrol,5000 cc (V8),550.0,300.0,3.9,"$100,000 ",Petrol,2,680 Nm,2500.0,680.0,2.0,100000.0,1.8333333333333333
Jaguar Land Rover,Jaguar F-Type R-Dynamic,I4 Petrol / V6 Petrol,1999 cc (I4) / 2995 cc (V6),300.0,250.0,5.1,"$70,000 ",Petrol,2,400 Nm,2500.0,400.0,2.0,70000.0,1.2
Jaguar Land Rover,Jaguar XE P300 R-Dynamic,I4 Petrol,1999 cc (I4),300.0,250.0,5.5,"$55,000 ",Petrol,5,400 Nm,2500.0,400.0,5.0,55000.0,1.2
Jaguar Land Rover,Jaguar XF Sportbrake,I4 Petrol / V6 Petrol,1999 cc (I4) / 2995 cc (V6),250.0,250.0,6.5,"$60,000 ",Petrol,5,400 Nm,2500.0,400.0,5.0,60000.0,1.0
Jaguar Land Rover,Jaguar I-PACE EV400 HSE,Electric (Dual Motor),90 kWh (Battery),400.0,200.0,4.5,"$85,000 ",Electric,5,696 Nm,2500.0,696.0,5.0,85000.0,2.0
Jaguar Land Rover,Jaguar F-PACE S 30t AWD,I4 Petrol,1999 cc (I4),247.0,225.0,6.4,"$60,000 ",Petrol,5,365 Nm,2500.0,365.0,5.0,60000.0,1.0977777777777777
Jaguar Land Rover,Jaguar E-PACE R-Dynamic,I4 Petrol,1999 cc (I4),246.0,230.0,6.8,"$55,000 ",Petrol,5,430 Nm,2500.0,430.0,5.0,55000.0,1.0695652173913044
Jaguar Land Rover,Jaguar XJ50,V6 Petrol,2995 cc (V6),300.0,250.0,6.0,"$80,000 ",Petrol,5,400 Nm,2500.0,400.0,5.0,80000.0,1.2
Jaguar Land Rover,Jaguar F-Type 75th Anniversary Edition,V8 Petrol,5000 cc (V8),550.0,300.0,3.9,"$100,000 ",Petrol,2,680 Nm,2500.0,680.0,2.0,100000.0,1.8333333333333333
Jaguar Land Rover,Jaguar F-PACE S AWD,I4 Petrol / V6 Petrol,1999 cc (I4) / 2995 cc (V6),340.0,250.0,5.4,"$65,000 ",Petrol,5,480 Nm,2500.0,480.0,5.0,65000.0,1.36
Jaguar Land Rover,Jaguar XE SE,I4 Petrol,1999 cc (I4),250.0,240.0,6.2,"$50,000 ",Petrol,5,365 Nm,2500.0,365.0,5.0,50000.0,1.0416666666666667
Jaguar Land Rover,Jaguar F-Type V6 S Convertible,V6 Petrol,2995 cc (V6),380.0,280.0,4.8,"$80,000 ",Petrol,2,460 Nm,2500.0,460.0,2.0,80000.0,1.3571428571428572
Jaguar Land Rover,Jaguar XE R-Sport AWD,I4 Petrol / V6 Petrol,1999 cc (I4) / 2995 cc (V6),300.0,250.0,5.5,"$55,000 ",Petrol,5,400 Nm,2500.0,400.0,5.0,55000.0,1.2
Jaguar Land Rover,Jaguar XF Portfolio AWD,I4 Petrol / V6 Petrol,1999 cc (I4) / 2995 cc (V6),340.0,250.0,5.4,"$60,000 ",Petrol,5,450 Nm,2500.0,450.0,5.0,60000.0,1.36
Jaguar Land Rover,Jaguar F-Type Coupe R,V8 Petrol,5000 cc (V8),550.0,300.0,3.9,"$100,000 ",Petrol,2,680 Nm,2500.0,680.0,2.0,100000.0,1.8333333333333333
Jaguar Land Rover,Jaguar I-PACE First Edition,Electric (Dual Motor),90 kWh (Battery),400.0,200.0,4.5,"$85,000 ",Electric,5,696 Nm,2500.0,696.0,5.0,85000.0,2.0
Jaguar Land Rover,Jaguar F-PACE Prestige AWD,I4 Petrol / V6 Petrol,1999 cc (I4) / 2995 cc (V6),340.0,250.0,5.4,"$65,000 ",Petrol,5,480 Nm,2500.0,480.0,5.0,65000.0,1.36
Jaguar Land Rover,Jaguar XJ Supercharged,V8 Petrol,5000 cc (V8),510.0,280.0,4.2,"$90,000 ",Petrol,5,625 Nm,2500.0,625.0,5.0,90000.0,1.8214285714285714
Jaguar Land Rover,Jaguar F-Type P450 AWD,V8 Petrol,5000 cc (V8),450.0,290.0,4.0,"$90,000 ",Petrol,2,600 Nm,2500.0,600.0,2.0,90000.0,1.5517241379310345
Jaguar Land Rover,Jaguar F-PACE P400e Plug-in Hybrid,I4 Petrol + Electric Motor,1999 cc (I4) + Electric,398.0,220.0,5.1,"$75,000 ",Plug-In Hybrid,5,640 Nm,2500.0,640.0,5.0,75000.0,1.809090909090909
Jaguar Land Rover,Jaguar F-Type P300 Coupe,I4 Petrol,1999 cc (I4),300.0,250.0,5.5,"$60,000 ",Petrol,2,400 Nm,2500.0,400.0,2.0,60000.0,1.2
Acura,NSX Type S,Twin-Turbo V6 Hybrid,"3,493 cc (V6)",600.0,307.0,2.9,"$157,000 ",Hybrid,2,666 Nm,2500.0,666.0,2.0,157000.0,1.9543973941368078
Acura,TLX PMC Edition,V6,"3,500 cc (V6)",290.0,250.0,5.7,"$62,000 ",Petrol,5,362 Nm,2500.0,362.0,5.0,62000.0,1.16
Acura,MDX Advance,V6,"3,500 cc (V6)",290.0,190.0,6.0,"$60,000 ",Petrol,7,362 Nm,2500.0,362.0,7.0,60000.0,1.5263157894736843
Acura,RDX Technology,I4 Turbocharged,"1,500 cc (I4)",272.0,210.0,6.6,"$45,000 ",Petrol,5,400 Nm,2500.0,400.0,5.0,45000.0,1.2952380952380953
Acura,ILX Premium,I4,"2,400 cc (I4)",201.0,200.0,6.6,"$30,000 ",Petrol,5,180 Nm,2500.0,180.0,5.0,30000.0,1.005
Acura,TLX A-Spec,V6,"3,500 cc (V6)",290.0,250.0,5.7,"$50,000 ",Petrol,5,362 Nm,2500.0,362.0,5.0,50000.0,1.16
Acura,RDX SH-AWD,I4 Turbocharged,"1,500 cc (I4)",272.0,210.0,6.6,"$50,000 ",Petrol,5,400 Nm,2500.0,400.0,5.0,50000.0,1.2952380952380953
Acura,MDX SH-AWD,V6,"3,500 cc (V6)",290.0,190.0,6.0,"$55,000 ",Petrol,7,362 Nm,2500.0,362.0,7.0,55000.0,1.5263157894736843
Acura,RDX Platinum Elite,I4 Turbocharged,"1,500 cc (I4)",272.0,210.0,6.6,"$55,000 ",Petrol,5,400 Nm,2500.0,400.0,5.0,55000.0,1.2952380952380953
Acura,TLX A-Spec Sedan,V6,"3,500 cc (V6)",290.0,250.0,5.7,"$50,000 ",Petrol,5,362 Nm,2500.0,362.0,5.0,50000.0,1.16
Acura,TLX 2.4L,Inline-4,"2,400 cc",206.0,210.0,6.0,"$35,000 ",Petrol,5,247 Nm,2400.0,247.0,5.0,35000.0,0.9809523809523809
Acura,MDX Hybrid,V6 Hybrid,"3,500 cc",321.0,190.0,6.0,"$55,000 ",Hybrid,7,335 Nm,3500.0,335.0,7.0,55000.0,1.6894736842105262
Acura,RDX Hybrid,Inline-4 Hybrid,"1,500 cc",247.0,210.0,6.6,"$50,000 ",Hybrid,5,400 Nm,1500.0,400.0,5.0,50000.0,1.1761904761904762
Acura,ILX Technology Package,Inline-4,"2,400 cc",201.0,200.0,6.6,"$30,000 ",Petrol,5,180 Nm,2400.0,180.0,5.0,30000.0,1.005
Acura,NSX GT3 (Track Version),Twin-Turbo V6 Hybrid,"3,493 cc",500.0,300.0,3.0,"$150,000 ",Hybrid,2,600 Nm,3493.0,600.0,2.0,150000.0,1.6666666666666667
Acura,RDX Turbo AWD,Inline-4 Turbocharged,"1,500 cc",272.0,210.0,6.6,"$45,000 ",Petrol,5,400 Nm,1500.0,400.0,5.0,45000.0,1.2952380952380953
Acura,TLX 3.5L V6,V6,"3,500 cc",290.0,250.0,5.7,"$50,000 ",Petrol,5,362 Nm,3500.0,362.0,5.0,50000.0,1.16
Acura,ILX Special Edition,Inline-4,"2,400 cc",201.0,200.0,6.6,"$30,000 ",Petrol,5,180 Nm,2400.0,180.0,5.0,30000.0,1.005
Acura,MDX SH-AWD w/Technology Package,V6,"3,500 cc",290.0,190.0,6.0,"$55,000 ",Petrol,7,362 Nm,3500.0,362.0,7.0,55000.0,1.5263157894736843
Acura,NSX 3.5L Hybrid Coupe,Twin-Turbo V6 Hybrid,"3,493 cc",537.0,307.0,2.9,"$157,000 ",Hybrid,2,666 Nm,3493.0,666.0,2.0,157000.0,1.749185667752443
Acura,MDX Elite,V6,"3,500 cc",290.0,190.0,6.0,"$58,000 ",Petrol,7,362 Nm,3500.0,362.0,7.0,58000.0,1.5263157894736843
Acura,TLX V6 Advance,V6,"3,500 cc",290.0,250.0,5.7,"$46,000 ",Petrol,5,362 Nm,3500.0,362.0,5.0,46000.0,1.16
Acura,NSX Carbon Edition,Twin-Turbo V6 Hybrid,"3,493 cc",537.0,307.0,2.9,"$157,000 ",Hybrid,2,666 Nm,3493.0,666.0,2.0,157000.0,1.749185667752443
Acura,RDX Turbo SH-AWD,Turbocharged I4,"1,500 cc",272.0,210.0,6.6,"$42,000 ",Petrol,5,400 Nm,1500.0,400.0,5.0,42000.0,1.2952380952380953
Acura,ILX Technology Plus,Inline-4,"2,400 cc",201.0,200.0,6.6,"$28,000 ",Petrol,5,180 Nm,2400.0,180.0,5.0,28000.0,1.005
Acura,TLX Type S PMC Edition,Turbocharged V6,"3,000 cc",355.0,250.0,5.1,"$54,000 ",Petrol,5,480 Nm,3000.0,480.0,5.0,54000.0,1.42
Acura,MDX Sport Hybrid,V6 Hybrid,"3,500 cc",321.0,190.0,6.0,"$52,000 ",Hybrid,7,335 Nm,3500.0,335.0,7.0,52000.0,1.6894736842105262
Peugeot,208,Inline-4,"1,199 cc",82.0,180.0,10.5,"$22,000 ",Petrol,5,160 Nm,1199.0,160.0,5.0,22000.0,0.45555555555555555
Peugeot,2008,Inline-4,"1,199 cc",100.0,190.0,9.0,"$25,000 ",Petrol,5,205 Nm,1199.0,205.0,5.0,25000.0,0.5263157894736842
Peugeot,301,Inline-4,"1,598 cc",115.0,185.0,10.0,"$23,500 ",Petrol,5,150 Nm,1598.0,150.0,5.0,23500.0,0.6216216216216216
Peugeot,308,Inline-4,"1,598 cc",130.0,200.0,8.0,"$28,000 ",Petrol,5,230 Nm,1598.0,230.0,5.0,28000.0,0.65
Peugeot,3008,Inline-4,"1,598 cc",180.0,210.0,7.5,"$32,000 ",Petrol,5,400 Nm,1598.0,400.0,5.0,32000.0,0.8571428571428571
Peugeot,5008,Inline-4,"1,998 cc",165.0,200.0,9.5,"$35,000 ",Diesel,7,400 Nm,1998.0,400.0,7.0,35000.0,0.825
Peugeot,508,Inline-4,"1,998 cc",180.0,235.0,8.0,"$35,500 ",Petrol,5,300 Nm,1998.0,300.0,5.0,35500.0,0.7659574468085106
Peugeot,Partner,Diesel I4,"1,560 cc",75.0,160.0,12.0,"$22,500 ",Diesel,5,200 Nm,1560.0,200.0,5.0,22500.0,0.46875
Peugeot,Expert,Diesel I4,"1,997 cc",120.0,180.0,10.0,"$30,000 ",Diesel,3,300 Nm,1997.0,300.0,3.0,30000.0,0.6666666666666666
Peugeot,Boxer,Diesel I4,"2,200 cc",140.0,160.0,11.0,"$32,000 ",Diesel,3,340 Nm,2200.0,340.0,3.0,32000.0,0.875
Peugeot,e-208,Electric Motor,50 kWh,136.0,150.0,8.1,"$35,000 ",Electric,5,260 Nm,2500.0,260.0,5.0,35000.0,0.9066666666666666
Peugeot,e-2008,Electric Motor,50 kWh,136.0,150.0,8.5,"$38,000 ",Electric,5,260 Nm,2500.0,260.0,5.0,38000.0,0.9066666666666666
Peugeot,208 GTI,Inline-4,"1,598 cc",208.0,230.0,6.5,"$28,000 ",Petrol,5,300 Nm,1598.0,300.0,5.0,28000.0,0.9043478260869565
Peugeot,308 GTI,Inline-4,"1,598 cc",270.0,250.0,6.0,"$35,000 ",Petrol,5,330 Nm,1598.0,330.0,5.0,35000.0,1.08
Peugeot,508 PSE (Peugeot Sport Engineered),Hybrid I4,"1,598 cc (petrol) + Electric Motor",360.0,250.0,5.2,"$55,000 ",Hybrid,5,520 Nm,2500.0,520.0,5.0,55000.0,1.44
Peugeot,308 Allure,Inline-4,"1,199 cc",130.0,205.0,9.3,"$25,000 ",Petrol,5,230 Nm,1199.0,230.0,5.0,25000.0,0.6341463414634146
Peugeot,2008 Allure,Inline-4,"1,199 cc",130.0,200.0,9.7,"$27,000 ",Petrol,5,230 Nm,1199.0,230.0,5.0,27000.0,0.65
Peugeot,3008 Allure,Inline-4,"1,499 cc",180.0,210.0,8.0,"$30,000 ",Petrol,5,250 Nm,1499.0,250.0,5.0,30000.0,0.8571428571428571
Peugeot,5008 Allure,Inline-4,"1,499 cc",180.0,200.0,8.5,"$33,000 ",Petrol,7,250 Nm,1499.0,250.0,7.0,33000.0,0.9
Peugeot,508 Allure,Inline-4,"1,499 cc",180.0,225.0,8.0,"$35,000 ",Petrol,5,250 Nm,1499.0,250.0,5.0,35000.0,0.8
Peugeot,3008 GT,Inline-4,"1,598 cc",200.0,220.0,7.5,"$35,000 ",Petrol,5,280 Nm,1598.0,280.0,5.0,35000.0,0.9090909090909091
Peugeot,508 GT,Inline-4,"1,598 cc",225.0,235.0,6.8,"$40,000 ",Petrol,5,300 Nm,1598.0,300.0,5.0,40000.0,0.9574468085106383
Peugeot,3008 GT Hybrid,Hybrid I4,"1,598 cc (petrol) + Electric Motor",300.0,235.0,6.0,"$45,000 ",Hybrid,5,400 Nm,2500.0,400.0,5.0,45000.0,1.2765957446808511
Peugeot,5008 GT Hybrid,Hybrid I4,"1,598 cc (petrol) + Electric Motor",300.0,210.0,6.5,"$48,000 ",Hybrid,7,400 Nm,2500.0,400.0,7.0,48000.0,1.4285714285714286
Peugeot,208 Allure Premium,Inline-4,"1,199 cc",130.0,200.0,9.5,"$28,000 ",Petrol,5,230 Nm,1199.0,230.0,5.0,28000.0,0.65
Peugeot,Partner Tepee,Inline-4,"1,560 cc",100.0,170.0,12.0,"$25,000 ",Diesel,5,260 Nm,1560.0,260.0,5.0,25000.0,0.5882352941176471
Peugeot,Expert L2H1,Inline-4,"1,997 cc",120.0,160.0,13.0,"$30,000 ",Diesel,3,320 Nm,1997.0,320.0,3.0,30000.0,0.75
Peugeot,Boxer L2H2,Inline-4,"2,200 cc",130.0,140.0,14.0,"$35,000 ",Diesel,3,350 Nm,2200.0,350.0,3.0,35000.0,0.9285714285714286
Peugeot,Partner Electric,Electric Motor,-,136.0,130.0,9.0,"$40,000 ",Electric,5,260 Nm,2500.0,260.0,5.0,40000.0,1.0461538461538462
Peugeot,Expert Electric,Electric Motor,-,136.0,130.0,9.5,"$45,000 ",Electric,5,260 Nm,2500.0,260.0,5.0,45000.0,1.0461538461538462
Peugeot,208 PSE (Peugeot Sport Engineered),Hybrid I4,"1,598 cc (petrol) + Electric Motor",225.0,250.0,5.5,"$45,000 ",Hybrid,5,360 Nm,2500.0,360.0,5.0,45000.0,0.9
Peugeot,308 PSE,Hybrid I4,"1,598 cc (petrol) + Electric Motor",360.0,250.0,5.0,"$55,000 ",Hybrid,5,520 Nm,2500.0,520.0,5.0,55000.0,1.44
Peugeot,508 PSE,Hybrid I4,"1,598 cc (petrol) + Electric Motor",360.0,250.0,5.2,"$60,000 ",Hybrid,5,520 Nm,2500.0,520.0,5.0,60000.0,1.44
Peugeot,3008 PSE,Hybrid I4,"1,598 cc (petrol) + Electric Motor",300.0,235.0,6.0,"$50,000 ",Hybrid,5,400 Nm,2500.0,400.0,5.0,50000.0,1.2765957446808511
Peugeot,2008 Active,Inline-4,"1,199 cc",100.0,190.0,11.2,"$22,000 ",Petrol,5,205 Nm,1199.0,205.0,5.0,22000.0,0.5263157894736842
Peugeot,3008 Active,Inline-4,"1,499 cc",130.0,200.0,10.0,"$30,000 ",Petrol,5,240 Nm,1499.0,240.0,5.0,30000.0,0.65
Peugeot,5008 Active,Inline-4,"1,499 cc",130.0,190.0,10.5,"$33,000 ",Petrol,7,240 Nm,1499.0,240.0,7.0,33000.0,0.6842105263157895
Peugeot,3008 Allure Premium,Inline-4,"1,499 cc",130.0,200.0,9.8,"$32,000 ",Petrol,5,240 Nm,1499.0,240.0,5.0,32000.0,0.65
Peugeot,5008 Allure Premium,Inline-4,"1,499 cc",130.0,190.0,10.2,"$35,000 ",Petrol,7,240 Nm,1499.0,240.0,7.0,35000.0,0.6842105263157895
Peugeot,3008 GT Line,Inline-4,"1,598 cc",180.0,210.0,8.5,"$35,000 ",Petrol,5,250 Nm,1598.0,250.0,5.0,35000.0,0.8571428571428571
Peugeot,5008 GT Line,Inline-4,"1,598 cc",180.0,200.0,9.0,"$38,000 ",Petrol,7,250 Nm,1598.0,250.0,7.0,38000.0,0.9
Peugeot,2008 GT,Inline-4,"1,199 cc",130.0,200.0,9.3,"$25,000 ",Petrol,5,230 Nm,1199.0,230.0,5.0,25000.0,0.65
Peugeot,5008 GT,Inline-4,"1,598 cc",180.0,210.0,8.2,"$40,000 ",Petrol,7,250 Nm,1598.0,250.0,7.0,40000.0,0.8571428571428571
Peugeot,508 SW (Station Wagon),Inline-4,"1,598 cc",180.0,220.0,8.4,"$35,000 ",Petrol,5,300 Nm,1598.0,300.0,5.0,35000.0,0.8181818181818182
Peugeot,508 Saloon,Inline-4,"1,598 cc",180.0,210.0,8.6,"$37,000 ",Petrol,5,300 Nm,1598.0,300.0,5.0,37000.0,0.8571428571428571
Peugeot,308 Saloon,Inline-4,"1,199 cc",130.0,200.0,9.0,"$28,000 ",Petrol,5,230 Nm,1199.0,230.0,5.0,28000.0,0.65
Peugeot,301 Sedan,Inline-4,"1,199 cc",82.0,180.0,12.0,"$20,000 ",Petrol,5,115 Nm,1199.0,115.0,5.0,20000.0,0.45555555555555555
Peugeot,208 Sedan,Inline-4,"1,199 cc",100.0,190.0,11.2,"$22,000 ",Petrol,5,205 Nm,1199.0,205.0,5.0,22000.0,0.5263157894736842
Ford,Fusion (Mondeo),1.5L EcoBoost / 2.0L Hybrid,"1,500 - 2,000 cc",205.0,220.0,7.5,"$25,000 - $40,000",Petrol/Hybrid,5,200 - 400 Nm,2500.0,300.0,5.0,32500.0,0.9318181818181818
Ford,Taurus,3.5L V6 / 2.0L EcoBoost,"2,000 - 3,500 cc",282.5,220.0,6.5,"$30,000 - $45,000",Petrol,5,300 - 500 Nm,2500.0,400.0,5.0,37500.0,1.2840909090909092
Ford,Fiesta,1.0L EcoBoost / 1.5L,"1,000 - 1,500 cc",142.5,200.0,7.0,"$15,000 - $25,000",Petrol,5,130 - 290 Nm,2500.0,210.0,5.0,20000.0,0.7125
Ford,Focus,1.0L EcoBoost / 1.5L / 2.0L,"1,000 - 2,000 cc",210.0,220.0,6.5,"$20,000 - $30,000",Petrol,5,150 - 400 Nm,2500.0,275.0,5.0,25000.0,0.9545454545454546
Ford,KA+,1.2L Petrol,"1,200 cc",77.5,165.0,10.5,"$12,000 - $15,000",Petrol,5,100 - 140 Nm,1200.0,120.0,5.0,13500.0,0.4696969696969697
Ford,EcoSport,1.0L Turbo Inline-3 / 2.0L,"1,000 - 2,000 cc",144.5,180.0,9.0,"$20,000 - $25,000",Petrol,5,170 - 200 Nm,2500.0,185.0,5.0,22500.0,0.8027777777777778
Ford,Escape (Kuga),1.5L EcoBoost / 2.5L Hybrid,"1,500 - 2,500 cc",190.5,190.0,7.5,"$25,000 - $38,000",Petrol/Hybrid,5,230 - 200 Nm,2500.0,215.0,5.0,31500.0,1.0026315789473683
Ford,Edge,2.0L EcoBoost / 2.7L V6,"2,000 - 2,700 cc",292.5,200.0,6.5,"$35,000 - $45,000",Petrol,5,400 - 475 Nm,2500.0,437.5,5.0,40000.0,1.4625
Ford,Explorer,2.3L EcoBoost / 3.0L V6,"2,300 - 3,000 cc",350.0,200.0,6.0,"$35,000 - $55,000",Petrol,7,420 - 500 Nm,2500.0,460.0,7.0,45000.0,1.75
Ford,Expedition,3.5L EcoBoost / 5.4L V8,"3,500 - 5,400 cc",387.5,180.0,6.5,"$50,000 - $75,000",Petrol,8,650 - 800 Nm,2500.0,725.0,8.0,62500.0,2.1527777777777777
Ford,Bronco,2.3L EcoBoost / 2.7L V6,"2,300 - 2,700 cc",292.5,200.0,7.5,"$30,000 - $55,000",Petrol,4,400 - 600 Nm,2500.0,500.0,4.0,42500.0,1.4625
Ford,Bronco Sport,1.5L EcoBoost / 2.0L EcoBoost,"1,500 - 2,000 cc",215.5,185.0,7.0,"$26,000 - $38,000",Petrol,5,250 - 375 Nm,2500.0,312.5,5.0,32000.0,1.164864864864865
Ford,F-150,3.3L V6 / 5.0L V8 / 3.5L EcoBoost,"3,300 - 5,000 cc",370.0,200.0,5.75,"$35,000 - $75,000",Petrol/Diesel,5,400 - 700 Nm,2500.0,550.0,5.0,55000.0,1.85
Ford,F-250 Super Duty,6.2L V8 / 7.3L V8 / 6.7L Turbo-Diesel,"6,200 - 7,300 cc",430.0,180.0,6.75,"$40,000 - $70,000",Petrol/Diesel,5,"700 - 1,050 Nm",2500.0,875.0,5.0,55000.0,2.388888888888889
Ford,F-350 Super Duty,6.7L Turbo-Diesel / 7.3L V8,"6,700 - 7,300 cc",462.5,180.0,7.5,"$45,000 - $75,000",Diesel,5,"1,050 - 1,200 Nm",2500.0,1125.0,5.0,60000.0,2.5694444444444446
Ford,Maverick,2.5L Hybrid / 2.0L EcoBoost,"2,500 - 2,000 cc",220.5,180.0,7.25,"$22,000 - $30,000",Hybrid/Petrol,5,250 - 380 Nm,2500.0,315.0,5.0,26000.0,1.225
Ford,Ranger,2.3L Turbo Inline-4 / 2.7L V6,"2,300 - 2,700 cc",297.5,180.0,6.5,"$25,000 - $45,000",Petrol/Diesel,5,400 - 540 Nm,2500.0,470.0,5.0,35000.0,1.6527777777777777
Ford,Mustang Mach-E,Electric Motor,Battery (68-98 kWh),385.0,180.0,7.1,"$43,000 - $61,000",Electric,5,430 Nm (GT Model),2500.0,371.5,5.0,52000.0,2.138888888888889
Ford,F-150 Lightning,Electric Motor,Battery (98 kWh),452.0,180.0,4.5,"$40,000 - $90,000",Electric,5,1051 Nm,2500.0,1051.0,5.0,65000.0,2.511111111111111
Ford,Escape Hybrid,2.5L Inline-4 + Electric,"2,500 cc",200.0,180.0,7.7,"$28,000 - $38,000",Hybrid,5,210 Nm (Electric),2500.0,371.5,5.0,33000.0,1.1111111111111112
Ford,Explorer Hybrid,3.3L V6 + Electric,"3,300 cc",318.0,180.0,7.5,"$50,000 - $55,000",Hybrid,7,500 Nm,3300.0,500.0,7.0,52500.0,1.7666666666666666
Ford,Mustang,5.0L V8,"5,000 cc",450.0,250.0,4.3,"$55,000 ",Petrol,4,530 Nm,5000.0,530.0,4.0,55000.0,1.8
Ford,GT,3.5L Twin-Turbo V6,"3,500 cc",660.0,348.0,3.0,"$500,000 ",Petrol,2,746 Nm,3500.0,746.0,2.0,500000.0,1.896551724137931
Ford,Focus ST,2.3L Turbo Inline-4,"2,300 cc",280.0,250.0,5.7,"$30,000 ",Petrol,5,420 Nm,2300.0,420.0,5.0,30000.0,1.12
Ford,Fiesta ST,1.5L Turbo Inline-3,"1,500 cc",200.0,230.0,6.5,"$23,000 ",Petrol,5,290 Nm,1500.0,290.0,5.0,23000.0,0.8695652173913043
Ford,Bronco Raptor,3.0L Twin-Turbo V6,"3,000 cc",400.0,220.0,5.5,"$70,000 ",Petrol,4,583 Nm,3000.0,583.0,4.0,70000.0,1.8181818181818181
Ford,Ranger Raptor,2.7L Twin-Turbo V6,"2,700 cc",392.0,200.0,6.0,"$45,000 ",Petrol,5,583 Nm,2700.0,583.0,5.0,45000.0,1.96
Ford,F-150 Raptor,3.5L Twin-Turbo V6,"3,500 cc",450.0,200.0,5.0,"$70,000 ",Petrol,5,691 Nm,3500.0,691.0,5.0,70000.0,2.25
Ford,Puma,Turbocharged Inline-3,"1,000 cc",123.0,191.0,9.6,"$28,000 ",Petrol,5,200 Nm,1000.0,200.0,5.0,28000.0,0.643979057591623
Ford,Territory,Turbocharged Inline-4,"1,500 cc",140.0,180.0,11.0,"$32,000 ",Petrol,5,225 Nm,1500.0,225.0,5.0,32000.0,0.7777777777777778
Ford,Everest,Turbocharged Inline-4,"2,000 cc",210.0,190.0,10.5,"$52,000 ",Diesel,7,500 Nm,2000.0,500.0,7.0,52000.0,1.105263157894737
Ford,Flex,Naturally Aspirated V6,"3,500 cc",287.0,200.0,7.9,"$31,000 ",Petrol,7,345 Nm,3500.0,345.0,7.0,31000.0,1.435
Ford,Transit,EcoBlue Turbo Diesel,"2,000 cc",170.0,160.0,12.0,"$43,455 ",Diesel,215,405 Nm,2000.0,405.0,5.0,43455.0,1.0625
Ford,Transit Connect,Inline-4 Gasoline Engine,"2,000 cc",162.0,175.0,10.5,"$29,365 ",Petrol,27,200 Nm,2000.0,200.0,5.0,29365.0,0.9257142857142857
Ford,F-450 Super Duty,Turbocharged V8 Diesel,"6,700 cc",475.0,165.0,8.5,"$61,625 ",Diesel,26,"1,424 Nm",6700.0,1424.0,5.0,61625.0,2.878787878787879
Ford,F-550 Super Duty,Turbocharged V8 Diesel,"6,700 cc",475.0,165.0,8.8,"$64,540 ",Diesel,26,"1,424 Nm",6700.0,1424.0,5.0,64540.0,2.878787878787879
Ford,Mustang Shelby GT500,Supercharged V8,"5,200 cc",760.0,290.0,3.5,"$79,420 ",Petrol,2,847 Nm,5200.0,847.0,2.0,79420.0,2.6206896551724137
Ford,Mustang Shelby GT350,Naturally Aspirated V8,"5,200 cc",526.0,280.0,4.0,"$59,140 ",Petrol,2,582 Nm,5200.0,582.0,2.0,59140.0,1.8785714285714286
Ford,F-150 Platinum,Turbocharged V6,"3,500 cc",400.0,180.0,6.5,"$64,695 ",Petrol,5,678 Nm,3500.0,678.0,5.0,64695.0,2.2222222222222223
Ford,F-150 Limited,Turbocharged V6,"3,500 cc",450.0,190.0,6.1,"$84,910 ",Petrol,5,678 Nm,3500.0,678.0,5.0,84910.0,2.3684210526315788
Ford,Explorer Platinum,Turbocharged V6,"3,000 cc",400.0,230.0,6.0,"$56,505 ",Petrol,7,563 Nm,3000.0,563.0,7.0,56505.0,1.7391304347826086
Ford,Expedition King Ranch,Turbocharged V6,"3,500 cc",440.0,210.0,6.8,"$79,560 ",Petrol,78,691 Nm,3500.0,691.0,5.0,79560.0,2.0952380952380953
Ford,Transit Custom,EcoBlue Turbo Diesel,"2,000 cc",130.0,160.0,12.5,"$35,000 ",Diesel,29,385 Nm,2000.0,385.0,5.0,35000.0,0.8125
Ford,E-Series Cutaway,V8 Gasoline Engine,"7,300 cc",350.0,140.0,13.0,"$36,000 ",Petrol,2,569 Nm,7300.0,569.0,2.0,36000.0,2.5
Ford,Transit Chassis Cab,EcoBlue Turbo Diesel,"2,000 cc",170.0,160.0,11.5,"$37,000 ",Diesel,2,405 Nm,2000.0,405.0,2.0,37000.0,1.0625
Ford,Transit Electric (E-Transit),Electric Motor,89 kWh (Electric),266.0,140.0,9.0,"$52,000 ",Electric,212,430 Nm,2500.0,430.0,5.0,52000.0,1.9
Ford,Explorer Plug-in Hybrid,V6 Hybrid + Electric Motor,"3,000 cc (petrol) + Electric Motor",457.0,225.0,6.0,"$53,000 ",Hybrid,7,825 Nm,2500.0,825.0,7.0,53000.0,2.031111111111111
Ford,Maverick Hybrid,I4 Hybrid,"2,500 cc (petrol) + Electric Motor",191.0,180.0,7.8,"$25,000 ",Hybrid,5,210 Nm,2500.0,210.0,5.0,25000.0,1.0611111111111111
Ford,Mustang (2024),V8 Gasoline Engine,"5,000 cc",450.0,250.0,4.5,"$60,000 ",Petrol,4,570 Nm,5000.0,570.0,4.0,60000.0,1.8
Ford,Ranger (2024),I4 Turbo Diesel,"2,000 cc",210.0,180.0,8.0,"$40,000 ",Diesel,5,500 Nm,2000.0,500.0,5.0,40000.0,1.1666666666666667
Ford,Escape Plug-in Hybrid (2024),I4 Hybrid,"2,500 cc (petrol) + Electric Motor",221.0,190.0,7.5,"$38,000 ",Hybrid,5,210 Nm,2500.0,210.0,5.0,38000.0,1.1631578947368422
Ford,Bronco (2024),V6 EcoBoost,"2,700 cc",310.0,200.0,6.7,"$45,000 ",Petrol,5,542 Nm,2700.0,542.0,5.0,45000.0,1.55
Ford,Explorer (2024),V6 Turbocharged,"3,000 cc",400.0,230.0,5.9,"$55,000 ",Petrol,7,563 Nm,3000.0,563.0,7.0,55000.0,1.7391304347826086
Mitsubishi,Mirage,1.2L MIVEC,"1,200 cc",78.0,170.0,12.0,"$16,000 - $18,000",Petrol,5,100 Nm,1200.0,100.0,5.0,17000.0,0.4588235294117647
Mitsubishi,Mirage G4,1.2L MIVEC,"1,200 cc",78.0,170.0,12.0,"$17,000 - $19,000",Petrol,5,100 Nm,1200.0,100.0,5.0,18000.0,0.4588235294117647
Mitsubishi,Outlander,2.5L 4-Cylinder,"2,500 cc",181.0,190.0,9.5,"$28,000 - $35,000",Petrol,7,245 Nm,2500.0,245.0,7.0,31500.0,0.9526315789473684
Mitsubishi,Outlander PHEV,2.4L Hybrid,"2,400 cc / 20 kWh battery",248.0,170.0,10.5,"$39,000 - $43,000",Hybrid,5,300 Nm,2500.0,300.0,5.0,41000.0,1.4588235294117646
Mitsubishi,Eclipse Cross,1.5L Turbo,"1,500 cc",152.0,180.0,9.8,"$25,000 - $28,000",Petrol,5,250 Nm,1500.0,250.0,5.0,26500.0,0.8444444444444444
Mitsubishi,ASX (Outlander Sport),2.0L MIVEC,"2,000 cc",148.0,190.0,10.0,"$23,000 - $26,000",Petrol,5,197 Nm,2000.0,197.0,5.0,24500.0,0.7789473684210526
Mitsubishi,Pajero,3.2L Diesel Turbo,"3,200 cc",189.0,180.0,10.5,"$40,000 - $45,000",Diesel,7,441 Nm,3200.0,441.0,7.0,42500.0,1.05
Mitsubishi,Pajero Sport,2.4L Diesel Turbo,"2,400 cc",181.0,180.0,11.0,"$35,000 - $40,000",Diesel,7,430 Nm,2400.0,430.0,7.0,37500.0,1.0055555555555555
Mitsubishi,Triton (L200),2.4L Diesel Turbo,"2,400 cc",181.0,177.0,10.5,"$25,000 - $35,000",Diesel,5,430 Nm,2400.0,430.0,5.0,30000.0,1.0225988700564972
Mitsubishi,Lancer Evolution X,2.0L Turbocharged,"2,000 cc",291.0,240.0,5.0,"$40,000 - $50,000",Petrol,5,407 Nm,2000.0,407.0,5.0,45000.0,1.2125
Mitsubishi,i-MiEV (Electric),Electric Motor,16 kWh battery,66.0,130.0,15.0,"$23,000 - $26,000",Electric,4,196 Nm,2500.0,196.0,4.0,24500.0,0.5076923076923077
Mitsubishi,Xpander,1.5L MIVEC,"1,500 cc",105.0,170.0,13.5,"$20,000 - $25,000",Petrol,7,141 Nm,1500.0,141.0,7.0,22500.0,0.6176470588235294
Mitsubishi,Delica D:5,2.2L Diesel Turbo,"2,200 cc",145.0,175.0,11.0,"$35,000 - $40,000",Diesel,7,360 Nm,2200.0,360.0,7.0,37500.0,0.8285714285714286
Mitsubishi,Colt,1.1L / 1.5L MIVEC,"1,100 - 1,500 cc",112.5,180.0,10.5,"$15,000 - $20,000",Petrol,5,100 - 180 Nm,2500.0,140.0,5.0,17500.0,0.625
Mitsubishi,Grandis,2.4L MIVEC,"2,400 cc",165.0,190.0,11.0,"$25,000 - $30,000",Petrol,7,217 Nm,2400.0,217.0,7.0,27500.0,0.868421052631579
Mitsubishi,Outlander Black Edition,2.5L 4-Cylinder,"2,500 cc",181.0,190.0,9.5,"$32,000 - $35,000",Petrol,7,245 Nm,2500.0,245.0,7.0,33500.0,0.9526315789473684
Mitsubishi,Outlander SEL,2.5L 4-Cylinder,"2,500 cc",181.0,190.0,9.5,"$31,000 - $34,000",Petrol,7,245 Nm,2500.0,245.0,7.0,32500.0,0.9526315789473684
Mitsubishi,Outlander SE,2.5L 4-Cylinder,"2,500 cc",181.0,190.0,9.5,"$29,000 - $32,000",Petrol,7,245 Nm,2500.0,245.0,7.0,30500.0,0.9526315789473684
Mitsubishi,Eclipse Cross Black Edition,1.5L Turbo,"1,500 cc",152.0,180.0,9.8,"$28,000 - $30,000",Petrol,5,250 Nm,1500.0,250.0,5.0,29000.0,0.8444444444444444
Mitsubishi,ASX Exceed,2.0L MIVEC,"2,000 cc",148.0,190.0,10.0,"$26,000 - $28,000",Petrol,5,197 Nm,2000.0,197.0,5.0,27000.0,0.7789473684210526
Mitsubishi,Triton Athlete,2.4L Diesel Turbo,"2,400 cc",181.0,177.0,10.5,"$27,000 - $35,000",Diesel,5,430 Nm,2400.0,430.0,5.0,31000.0,1.0225988700564972
Mitsubishi,Pajero Final Edition,3.2L Diesel Turbo,"3,200 cc",189.0,180.0,10.5,"$45,000 - $50,000",Diesel,7,441 Nm,3200.0,441.0,7.0,47500.0,1.05
Mitsubishi,L200 Barbarian X,2.4L Diesel Turbo,"2,400 cc",181.0,177.0,10.5,"$30,000 - $35,000",Diesel,5,430 Nm,2400.0,430.0,5.0,32500.0,1.0225988700564972
Mitsubishi,Space Star,1.2L MIVEC,"1,200 cc",78.0,170.0,12.0,"$15,000 - $17,000",Petrol,5,100 Nm,1200.0,100.0,5.0,16000.0,0.4588235294117647
Mitsubishi,Lancer EX,1.6L MIVEC / 2.0L,"1,600 - 2,000 cc",132.5,200.0,10.0,"$20,000 - $25,000",Petrol,5,154 - 197 Nm,2500.0,175.5,5.0,22500.0,0.6625
Mitsubishi,Montero Sport,2.4L Diesel Turbo,"2,400 cc",181.0,180.0,11.0,"$35,000 - $40,000",Diesel,7,430 Nm,2400.0,430.0,7.0,37500.0,1.0055555555555555
Mitsubishi,Attrage,1.2L MIVEC,"1,200 cc",78.0,170.0,12.5,"$15,000 - $17,000",Petrol,5,100 Nm,1200.0,100.0,5.0,16000.0,0.4588235294117647
Mitsubishi,RVR SE,2.0L MIVEC,"2,000 cc",148.0,190.0,10.5,"$23,000 - $25,000",Petrol,5,197 Nm,2000.0,197.0,5.0,24000.0,0.7789473684210526
Mitsubishi,Delica Van,2.0L Diesel / 2.2L Diesel,"2,000 - 2,200 cc",145.0,175.0,11.5,"$30,000 - $35,000",Diesel,7,360 Nm,2500.0,360.0,7.0,32500.0,0.8285714285714286
Mitsubishi,Canter (Truck),3.0L Diesel,"3,000 cc",150.0,120.0,7.1,"$35,000 - $45,000",Diesel,2,370 Nm,3000.0,370.0,2.0,40000.0,1.25
Mitsubishi,Lancer GLX,1.6L MIVEC,"1,600 cc",115.0,190.0,11.5,"$17,000 - $20,000",Petrol,5,154 Nm,1600.0,154.0,5.0,18500.0,0.6052631578947368
Mitsubishi,Pajero GLS,3.2L Diesel Turbo,"3,200 cc",189.0,180.0,10.5,"$45,000 - $50,000",Diesel,7,441 Nm,3200.0,441.0,7.0,47500.0,1.05
Mitsubishi,Xpander Cross,1.5L MIVEC,"1,500 cc",105.0,170.0,12.0,"$20,000 - $25,000",Petrol,7,141 Nm,1500.0,141.0,7.0,22500.0,0.6176470588235294
Mitsubishi,Eclipse Cross PHEV,2.4L PHEV,"2,400 cc",188.0,180.0,10.5,"$35,000 - $40,000",Plug-In Hybrid,5,199 Nm,2400.0,199.0,5.0,37500.0,1.0444444444444445
Mitsubishi,Outlander ES,2.5L 4-Cylinder,"2,500 cc",181.0,190.0,9.5,"$28,000 - $30,000",Petrol,7,245 Nm,2500.0,245.0,7.0,29000.0,0.9526315789473684
Mitsubishi,Montero GLX,2.4L Diesel Turbo,"2,400 cc",181.0,180.0,11.0,"$35,000 - $40,000",Diesel,7,430 Nm,2400.0,430.0,7.0,37500.0,1.0055555555555555
Mitsubishi,Triton GLX-R,2.4L Diesel Turbo,"2,400 cc",181.0,177.0,10.5,"$27,000 - $35,000",Diesel,5,430 Nm,2400.0,430.0,5.0,31000.0,1.0225988700564972
Mitsubishi,ASX Dynamic,2.0L MIVEC,"2,000 cc",148.0,190.0,10.0,"$25,000 - $28,000",Petrol,5,197 Nm,2000.0,197.0,5.0,26500.0,0.7789473684210526
Mitsubishi,Mirage ES,1.2L MIVEC,"1,200 cc",78.0,170.0,12.5,"$15,000 - $17,000",Petrol,5,100 Nm,1200.0,100.0,5.0,16000.0,0.4588235294117647
Mitsubishi,Outlander LE,2.5L 4-Cylinder,"2,500 cc",181.0,190.0,9.5,"$30,000 - $35,000",Petrol,7,245 Nm,2500.0,245.0,7.0,32500.0,0.9526315789473684
Mitsubishi,Fuso Fighter (Truck),7.5L Diesel,"7,500 cc",240.0,120.0,7.1,"$70,000 - $90,000",Diesel,2,686 Nm,7500.0,686.0,2.0,80000.0,2.0
Mitsubishi,Fuso Canter Eco Hybrid,3.0L Diesel Hybrid,"3,000 cc",150.0,120.0,7.1,"$50,000 - $60,000",Diesel Hybrid,2,370 Nm,3000.0,370.0,2.0,55000.0,1.25
Mitsubishi,Space Runner,1.8L MIVEC,"1,800 cc",140.0,185.0,10.5,"$20,000 - $23,000",Petrol,5,170 Nm,1800.0,170.0,5.0,21500.0,0.7567567567567568
Mitsubishi,Toppo BJ,0.7L 3-Cylinder,660 cc,52.0,130.0,15.0,"$10,000 - $12,000",Petrol,4,60 Nm,660.0,60.0,4.0,11000.0,0.4
Mitsubishi,Chariot,2.0L MIVEC,"2,000 cc",140.0,185.0,10.5,"$20,000 - $23,000",Petrol,7,170 Nm,2000.0,170.0,7.0,21500.0,0.7567567567567568
Mitsubishi,Lancer SE Limited,2.0L MIVEC,"2,000 cc",148.0,200.0,10.0,"$20,000 - $25,000",Petrol,5,197 Nm,2000.0,197.0,5.0,22500.0,0.74
Mitsubishi,Pajero SWB (Short Wheel Base),3.2L Diesel Turbo,"3,200 cc",189.0,180.0,10.5,"$45,000 - $50,000",Diesel,5,441 Nm,3200.0,441.0,5.0,47500.0,1.05
Mitsubishi,Delica Space Gear,2.4L Petrol,"2,400 cc",145.0,170.0,13.0,"$30,000 - $35,000",Petrol,7,206 Nm,2400.0,206.0,7.0,32500.0,0.8529411764705882
Mitsubishi,i (Kei Car),0.7L 3-Cylinder,660 cc,64.0,130.0,15.5,"$12,000 - $15,000",Petrol,4,94 Nm,660.0,94.0,4.0,13500.0,0.49230769230769234
Mitsubishi,Dion,2.0L 4-Cylinder,"2,000 cc",135.0,180.0,11.5,"$15,000 - $18,000",Petrol,7,181 Nm,2000.0,181.0,7.0,16500.0,0.75
Mitsubishi,Airtrek,2.4L 4-Cylinder,"2,400 cc",160.0,190.0,11.0,"$20,000 - $25,000",Petrol,5,214 Nm,2400.0,214.0,5.0,22500.0,0.8421052631578947
Mitsubishi,eK Space,0.7L 3-Cylinder,660 cc,52.0,130.0,15.0,"$10,000 - $12,000",Petrol,4,60 Nm,660.0,60.0,4.0,11000.0,0.4
Mitsubishi,eK X,0.7L 3-Cylinder,660 cc,64.0,140.0,13.5,"$12,000 - $15,000",Petrol,4,94 Nm,660.0,94.0,4.0,13500.0,0.45714285714285713
Mitsubishi,Colt CZC Convertible,1.5L Turbocharged,"1,500 cc",147.0,200.0,9.5,"$25,000 - $30,000",Petrol,4,210 Nm,1500.0,210.0,4.0,27500.0,0.735
Mitsubishi,Galant Fortis,2.0L MIVEC,"2,000 cc",154.0,200.0,10.0,"$18,000 - $22,000",Petrol,5,200 Nm,2000.0,200.0,5.0,20000.0,0.77
Mitsubishi,Endeavor,3.8L V6,"3,800 cc",225.0,190.0,9.5,"$28,000 - $35,000",Petrol,5,343 Nm,3800.0,343.0,5.0,31500.0,1.1842105263157894
Mitsubishi,Grand Lancer,1.8L MIVEC,"1,800 cc",138.0,190.0,11.5,"$20,000 - $25,000",Petrol,5,173 Nm,1800.0,173.0,5.0,22500.0,0.7263157894736842
Mitsubishi,Sigma,3.0L V6,"3,000 cc",210.0,220.0,8.5,"$35,000 - $40,000",Petrol,5,270 Nm,3000.0,270.0,5.0,37500.0,0.9545454545454546
Mitsubishi,Town Box,0.7L 3-Cylinder,660 cc,48.0,120.0,16.0,"$10,000 - $12,000",Petrol,4,60 Nm,660.0,60.0,4.0,11000.0,0.4
Mitsubishi,Minicab MiEV,Electric Motor,16 kWh battery,64.0,100.0,7.1,"$18,000 - $20,000",Electric,2,196 Nm,2500.0,196.0,2.0,19000.0,0.64
Mazda,Mazda3,2.0L SkyActiv-G,"2,000 cc",155.0,200.0,8.9,"$22,000 - $26,000",Petrol,5,213 Nm,2000.0,213.0,5.0,24000.0,0.775
Mazda,Mazda3 Hatchback,2.5L SkyActiv-G,"2,500 cc",186.0,210.0,8.3,"$24,000 - $28,000",Petrol,5,252 Nm,2500.0,252.0,5.0,26000.0,0.8857142857142857
Mazda,Mazda6,2.5L Turbocharged,"2,500 cc",250.0,240.0,6.4,"$27,000 - $35,000",Petrol,5,420 Nm,2500.0,420.0,5.0,31000.0,1.0416666666666667
Mazda,CX-3,2.0L SkyActiv-G,"2,000 cc",146.0,180.0,9.5,"$21,000 - $25,000",Petrol,5,197 Nm,2000.0,197.0,5.0,23000.0,0.8111111111111111
Mazda,CX-30,2.5L SkyActiv-G,"2,500 cc",186.0,204.0,8.7,"$23,000 - $28,000",Petrol,5,252 Nm,2500.0,252.0,5.0,25500.0,0.9117647058823529
Mazda,CX-5,2.5L SkyActiv-G,"2,500 cc",187.0,200.0,8.8,"$26,000 - $32,000",Petrol,5,252 Nm,2500.0,252.0,5.0,29000.0,0.935
Mazda,CX-50,2.5L Turbocharged,"2,500 cc",256.0,220.0,6.9,"$29,000 - $36,000",Petrol,5,434 Nm,2500.0,434.0,5.0,32500.0,1.1636363636363636
Mazda,CX-8,2.2L Diesel,"2,200 cc",187.0,200.0,9.2,"$36,000 - $42,000",Diesel,7,450 Nm,2200.0,450.0,7.0,39000.0,0.935
Mazda,CX-9,2.5L Turbocharged,"2,500 cc",250.0,210.0,7.2,"$38,000 - $45,000",Petrol,7,420 Nm,2500.0,420.0,7.0,41500.0,1.1904761904761905
Mazda,CX-90,3.3L Inline-6 Turbo,"3,300 cc",340.0,240.0,6.2,"$50,000 - $60,000",Petrol,7,500 Nm,3300.0,500.0,7.0,55000.0,1.4166666666666667
Mazda,MX-5 Miata,2.0L SkyActiv-G,"2,000 cc",181.0,225.0,6.5,"$27,000 - $33,000",Petrol,2,205 Nm,2000.0,205.0,2.0,30000.0,0.8044444444444444
Mazda,MX-5 Miata RF,2.0L SkyActiv-G,"2,000 cc",181.0,225.0,6.5,"$33,000 - $40,000",Petrol,2,205 Nm,2000.0,205.0,2.0,36500.0,0.8044444444444444
Mazda,MX-30 Electric,Electric Motor,35.5 kWh battery,143.0,140.0,9.7,"$33,000 - $37,000",Electric,5,271 Nm,2500.0,271.0,5.0,35000.0,1.0214285714285714
Mazda,CX-4,2.0L SkyActiv-G,"2,000 cc",158.0,190.0,9.6,"$22,000 - $28,000",Petrol,5,202 Nm,2000.0,202.0,5.0,25000.0,0.8315789473684211
Mazda,CX-7,2.3L Turbocharged,"2,300 cc",244.0,210.0,7.9,"$28,000 - $33,000",Petrol,5,350 Nm,2300.0,350.0,5.0,30500.0,1.161904761904762
Mazda,Tribute,3.0L V6,"3,000 cc",200.0,190.0,9.0,"$24,000 - $30,000",Petrol,5,270 Nm,3000.0,270.0,5.0,27000.0,1.0526315789473684
Mazda,B-Series Pickup,2.5L Diesel,"2,500 cc",143.0,170.0,11.5,"$20,000 - $25,000",Diesel,5,330 Nm,2500.0,330.0,5.0,22500.0,0.8411764705882353
Mazda,BT-50,3.2L Turbo Diesel,"3,200 cc",200.0,180.0,10.0,"$27,000 - $35,000",Diesel,5,470 Nm,3200.0,470.0,5.0,31000.0,1.1111111111111112
Mazda,RX-7,1.3L Rotary Twin-Turbo,"1,300 cc",276.0,250.0,5.5,"$30,000 - $50,000",Petrol,4,314 Nm,1300.0,314.0,4.0,40000.0,1.104
Mazda,RX-3,1.2L Rotary,"1,200 cc",110.0,180.0,8.9,"$15,000 - $20,000",Petrol,4,145 Nm,1200.0,145.0,4.0,17500.0,0.6111111111111112
Mazda,RX-Vision Concept,Rotary SkyActiv-R,,255.0,200.0,7.1,N/A (Concept Only),Petrol (Hybrid),2,,2500.0,371.5,2.0,42807.5,1.275
Mazda,323F,1.6L Inline-4,"1,600 cc",105.0,180.0,10.5,"$14,000 - $18,000",Petrol,5,145 Nm,1600.0,145.0,5.0,16000.0,0.5833333333333334
Mazda,Familia Sedan,1.5L Inline-4,"1,500 cc",100.0,175.0,11.0,"$12,000 - $16,000",Petrol,5,135 Nm,1500.0,135.0,5.0,14000.0,0.5714285714285714
Mazda,Premacy,2.0L Inline-4,"2,000 cc",138.0,190.0,9.8,"$18,000 - $24,000",Petrol,7,180 Nm,2000.0,180.0,7.0,21000.0,0.7263157894736842
Mazda,Demio,1.5L SkyActiv-G,"1,500 cc",108.0,180.0,10.2,"$13,000 - $18,000",Petrol,5,142 Nm,1500.0,142.0,5.0,15500.0,0.6
Mazda,Millenia,2.3L Miller Cycle V6,"2,300 cc",210.0,215.0,8.2,"$25,000 - $30,000",Petrol,5,280 Nm,2300.0,280.0,5.0,27500.0,0.9767441860465116
Mazda,Eunos Cosmo,2.0L Twin-Rotor Turbo,"2,000 cc",280.0,240.0,6.0,"$40,000 - $50,000",Petrol,4,300 Nm,2000.0,300.0,4.0,45000.0,1.1666666666666667
Mazda,Atenza,2.5L SkyActiv-G,"2,500 cc",192.0,210.0,8.5,"$22,000 - $28,000",Petrol,5,252 Nm,2500.0,252.0,5.0,25000.0,0.9142857142857143
Mazda,Roadpacer AP,1.3L Rotary,"1,300 cc",130.0,170.0,11.5,"$20,000 - $25,000",Petrol,5,165 Nm,1300.0,165.0,5.0,22500.0,0.7647058823529411
Mazda,626,2.0L Inline-4,"2,000 cc",140.0,190.0,9.5,"$18,000 - $22,000",Petrol,5,180 Nm,2000.0,180.0,5.0,20000.0,0.7368421052631579
Mazda,929,3.0L V6,"3,000 cc",205.0,220.0,8.0,"$25,000 - $30,000",Petrol,5,270 Nm,3000.0,270.0,5.0,27500.0,0.9318181818181818
Mazda,Luce,1.8L Rotary,"1,800 cc",135.0,180.0,10.5,"$15,000 - $20,000",Petrol,5,170 Nm,1800.0,170.0,5.0,17500.0,0.75
Mazda,Capella,1.6L Inline-4,"1,600 cc",110.0,175.0,11.2,"$14,000 - $18,000",Petrol,5,145 Nm,1600.0,145.0,5.0,16000.0,0.6285714285714286
Mazda,Carol,660cc Inline-3,660 cc,63.0,140.0,15.5,"$9,000 - $12,000",Petrol,4,90 Nm,660.0,90.0,4.0,10500.0,0.45
Mazda,Autozam AZ-1,657cc Turbocharged Inline-3,657 cc,63.0,140.0,11.0,"$12,000 - $18,000",Petrol,2,85 Nm,657.0,85.0,2.0,15000.0,0.45
Mazda,Spiano,660cc Inline-3,660 cc,54.0,130.0,16.0,"$8,000 - $10,000",Petrol,4,80 Nm,660.0,80.0,4.0,9000.0,0.4153846153846154
Mazda,Verisa,1.5L Inline-4,"1,500 cc",113.0,170.0,11.0,"$14,000 - $18,000",Petrol,5,140 Nm,1500.0,140.0,5.0,16000.0,0.6647058823529411
Mazda,MX-6,2.5L V6,"2,500 cc",164.0,210.0,8.8,"$18,000 - $24,000",Petrol,4,215 Nm,2500.0,215.0,4.0,21000.0,0.780952380952381
Mazda,MPV,3.0L V6,"3,000 cc",200.0,185.0,9.5,"$25,000 - $30,000",Petrol,7,265 Nm,3000.0,265.0,7.0,27500.0,1.0810810810810811
Mazda,Proceed Marvie,2.6L Inline-4,"2,600 cc",120.0,160.0,12.0,"$20,000 - $25,000",Petrol,5,200 Nm,2600.0,200.0,5.0,22500.0,0.75
Mazda,Sentia,3.0L V6,"3,000 cc",200.0,200.0,9.0,"$22,000 - $28,000",Petrol,5,265 Nm,3000.0,265.0,5.0,25000.0,1.0
Mazda,Cronos,2.5L V6,"2,500 cc",160.0,190.0,8.5,"$18,000 - $22,000",Petrol,5,210 Nm,2500.0,210.0,5.0,20000.0,0.8421052631578947
Mazda,Scrum,660cc Inline-3,660 cc,63.0,130.0,15.0,"$9,000 - $11,000",Petrol,4,85 Nm,660.0,85.0,4.0,10000.0,0.4846153846153846
Mazda,Parkway,1.8L Inline-4,"1,800 cc",115.0,160.0,12.5,"$20,000 - $25,000",Petrol,5,155 Nm,1800.0,155.0,5.0,22500.0,0.71875
Mazda,Titan (Truck),3.0L Inline-4,"3,000 cc",130.0,120.0,15.0,"$25,000 - $30,000",Diesel,2,300 Nm,3000.0,300.0,2.0,27500.0,1.0833333333333333
Mazda,CX-60,2.5L Inline-4,"2,500 cc",187.0,200.0,8.5,"$40,000 - $45,000",Petrol/Diesel,5,250 Nm,2500.0,250.0,5.0,42500.0,0.935
Mazda,CX-80,3.0L Inline-6,"3,000 cc",250.0,210.0,7.5,"$45,000 - $50,000",Petrol,7,400 Nm,3000.0,400.0,7.0,47500.0,1.1904761904761905
Mazda,T1500,1.5L Inline-4,"1,500 cc",75.0,120.0,18.0,"$15,000 - $18,000",Petrol,2,105 Nm,1500.0,105.0,2.0,16500.0,0.625
Mazda,Bongo Van,2.0L Inline-4,"2,000 cc",100.0,160.0,14.0,"$18,000 - $22,000",Petrol/Diesel,3,140 Nm,2000.0,140.0,3.0,20000.0,0.625
Mazda,Bongo Friendee,2.5L Inline-4,"2,500 cc",115.0,160.0,12.5,"$20,000 - $24,000",Petrol/Diesel,7,160 Nm,2500.0,160.0,7.0,22000.0,0.71875
Mazda,Revue,1.3L Inline-4,"1,300 cc",75.0,130.0,15.5,"$10,000 - $12,000",Petrol,5,110 Nm,1300.0,110.0,5.0,11000.0,0.5769230769230769
Mazda,Protegé,1.8L Inline-4,"1,800 cc",125.0,185.0,9.0,"$15,000 - $18,000",Petrol,5,170 Nm,1800.0,170.0,5.0,16500.0,0.6756756756756757
Mazda,Xedos 6,2.5L V6,"2,500 cc",170.0,215.0,8.5,"$25,000 - $30,000",Petrol,5,230 Nm,2500.0,230.0,5.0,27500.0,0.7906976744186046
Mazda,Xedos 9,3.0L V6,"3,000 cc",200.0,220.0,7.5,"$30,000 - $35,000",Petrol,5,260 Nm,3000.0,260.0,5.0,32500.0,0.9090909090909091
Mazda,121,1.3L Inline-4,"1,300 cc",70.0,155.0,13.0,"$12,000 - $15,000",Petrol,5,110 Nm,1300.0,110.0,5.0,13500.0,0.45161290322580644
Mazda,1200,1.2L Inline-4,"1,200 cc",60.0,130.0,16.0,"$10,000 - $12,000",Petrol,4,90 Nm,1200.0,90.0,4.0,11000.0,0.46153846153846156
Mazda,1500,1.5L Inline-4,"1,500 cc",85.0,145.0,14.0,"$12,000 - $15,000",Petrol,5,120 Nm,1500.0,120.0,5.0,13500.0,0.5862068965517241
Mazda,RX-2,1.3L Inline-2 (Wankel),"1,308 cc",130.0,185.0,8.5,"$20,000 - $25,000",Petrol,4,220 Nm,1308.0,220.0,4.0,22500.0,0.7027027027027027
Mazda,RX-5,1.6L Inline-2 (Wankel),"1,588 cc",135.0,190.0,8.0,"$25,000 - $30,000",Petrol,4,210 Nm,1588.0,210.0,4.0,27500.0,0.7105263157894737
Mazda,RX-7 Spirit R,1.3L Inline-2 (Wankel),"1,308 cc",280.0,250.0,5.5,"$35,000 - $40,000",Petrol,2,290 Nm,1308.0,290.0,2.0,37500.0,1.12
Mazda,Cosmo Sport (110S),1.0L Inline-2 (Wankel),"1,000 cc",110.0,170.0,10.0,"$30,000 - $35,000",Petrol,2,150 Nm,1000.0,150.0,2.0,32500.0,0.6470588235294118
Mazda,Eunos 500,2.0L Inline-4,"1,998 cc",135.0,200.0,9.0,"$25,000 - $28,000",Petrol,5,170 Nm,1998.0,170.0,5.0,26500.0,0.675
Mazda,Eunos Roadster,1.6L Inline-4,"1,590 cc",116.0,180.0,9.5,"$15,000 - $18,000",Petrol,2,140 Nm,1590.0,140.0,2.0,16500.0,0.6444444444444445
Mazda,Familia Astina,1.8L Inline-4,"1,800 cc",135.0,200.0,8.5,"$20,000 - $22,000",Petrol,5,170 Nm,1800.0,170.0,5.0,21000.0,0.675
Mazda,Savanna RX-7,1.3L Inline-2 (Wankel),"1,308 cc",165.0,230.0,7.5,"$28,000 - $32,000",Petrol,2,230 Nm,1308.0,230.0,2.0,30000.0,0.717391304347826
Mazda,Capella Cargo,2.0L Inline-4,"2,000 cc",115.0,180.0,12.0,"$18,000 - $22,000",Petrol,4,160 Nm,2000.0,160.0,4.0,20000.0,0.6388888888888888
Mazda,818,1.6L Inline-4,"1,600 cc",100.0,170.0,12.5,"$14,000 - $18,000",Petrol,5,130 Nm,1600.0,130.0,5.0,16000.0,0.5882352941176471
Mazda,Sentia Hardtop Coupe,2.5L V6,"2,500 cc",160.0,210.0,8.0,"$30,000 - $35,000",Petrol,4,220 Nm,2500.0,220.0,4.0,32500.0,0.7619047619047619
Mazda,Biante,2.0L Inline-4,"2,000 cc",150.0,185.0,10.0,"$22,000 - $26,000",Petrol,7,200 Nm,2000.0,200.0,7.0,24000.0,0.8108108108108109
Mazda,Premacy Hydrogen RE Hybrid,1.3L Wankel + Electric,"1,308 cc",200.0,180.0,9.5,"$40,000 - $45,000",Hybrid,5,260 Nm,1308.0,260.0,5.0,42500.0,1.1111111111111112
Mazda,Carol P360,0.36L Inline-2,360 cc,26.0,85.0,35.0,"$8,000 - $10,000",Petrol,4,45 Nm,360.0,45.0,4.0,9000.0,0.3058823529411765
Mazda,T2000,2.0L Inline-4,"2,000 cc",110.0,170.0,12.5,"$18,000 - $20,000",Petrol,2,160 Nm,2000.0,160.0,2.0,19000.0,0.6470588235294118
Mazda,AZ-Offroad,1.3L Inline-4,"1,298 cc",85.0,145.0,12.0,"$15,000 - $18,000",Petrol,5,130 Nm,1298.0,130.0,5.0,16500.0,0.5862068965517241
Mazda,Scrum Wagon,0.66L Inline-3,657 cc,64.0,120.0,15.5,"$10,000 - $12,000",Petrol,4,95 Nm,657.0,95.0,4.0,11000.0,0.5333333333333333
Mazda,Persona,1.5L Inline-4,"1,497 cc",92.0,160.0,13.5,"$13,000 - $16,000",Petrol,5,130 Nm,1497.0,130.0,5.0,14500.0,0.575
Mazda,Astina,1.8L Inline-4,"1,800 cc",140.0,190.0,8.5,"$20,000 - $24,000",Petrol,5,160 Nm,1800.0,160.0,5.0,22000.0,0.7368421052631579
Mazda,Etude,1.6L Inline-4,"1,598 cc",105.0,170.0,10.0,"$14,000 - $16,000",Petrol,5,135 Nm,1598.0,135.0,5.0,15000.0,0.6176470588235294
Mazda,Porter,1.5L Inline-4,"1,497 cc",95.0,130.0,14.0,"$12,000 - $15,000",Petrol,2,130 Nm,1497.0,130.0,2.0,13500.0,0.7307692307692307
Mazda,MX-3,1.6L Inline-4,"1,598 cc",130.0,190.0,8.5,"$18,000 - $22,000",Petrol,4,140 Nm,1598.0,140.0,4.0,20000.0,0.6842105263157895
Mazda,MX-5 Superlight Concept,1.8L Inline-4,"1,798 cc",143.0,200.0,7.5,"$30,000 - $35,000",Petrol,2,160 Nm,1798.0,160.0,2.0,32500.0,0.715
Mazda,Premacy Hydrogen RE,1.3L Wankel + Electric,"1,308 cc",200.0,180.0,9.5,"$40,000 - $45,000",Hybrid,5,260 Nm,1308.0,260.0,5.0,42500.0,1.1111111111111112
Mazda,Bongo Truck,2.0L Inline-4,"1,998 cc",120.0,130.0,15.0,"$15,000 - $18,000",Petrol,2,150 Nm,1998.0,150.0,2.0,16500.0,0.9230769230769231
Mazda,Rotary Pickup,1.3L Wankel Rotary Engine,"1,308 cc",130.0,150.0,14.5,"$18,000 - $22,000",Petrol,2,160 Nm,1308.0,160.0,2.0,20000.0,0.8666666666666667
Mazda,Luce Rotary Coupe,1.3L Wankel Rotary Engine,"1,308 cc",135.0,175.0,12.0,"$25,000 - $30,000",Petrol,4,180 Nm,1308.0,180.0,4.0,27500.0,0.7714285714285715
Mazda,Millenia S,2.5L V6,"2,500 cc",200.0,220.0,8.0,"$30,000 - $35,000",Petrol,5,250 Nm,2500.0,250.0,5.0,32500.0,0.9090909090909091
Mazda,787B (Race Car),2.6L Wankel Rotary Engine,"2,620 cc",700.0,320.0,3.5,"$5,000,000 - $7,000,000",Petrol,1,500 Nm,2620.0,500.0,1.0,6000000.0,2.1875
Toyota,Crown Signia,2.5L Hybrid I4,2487 cc,240.0,180.0,7.6,"$43,590  $48,000",Hybrid (Gas + Electric),5,239 Nm,2487.0,239.0,5.0,42807.5,1.3333333333333333
Toyota,4Runner (6th Gen),2.4L Turbo I4 (i-FORCE MAX Hybrid),2393 cc + Battery,326.0,180.0,6.8,"$50,000 ",Hybrid,7,630 Nm,2500.0,630.0,7.0,50000.0,1.8111111111111111
Toyota,Corolla Cross,2.0L Gas / 2.0L Hybrid,1987 cc / Hybrid batt,255.0,190.0,7.1,"$25,210  $29,135",Gas / Hybrid,5,190  210 Nm,2500.0,371.5,5.0,42807.5,1.3421052631578947
Toyota,C-HR+,1.8L / 2.0L Hybrid,1798 / 1987 cc + batt,255.0,180.0,7.1," 33,000",Hybrid,5,190  205 Nm,2500.0,371.5,5.0,42807.5,1.4166666666666667
Toyota,RAV4 (6th Gen),2.5L Hybrid / Plug-in Hybrid,2487 cc + batt,255.0,200.0,7.1,"$29,000  $43,000",Hybrid / Plug-In,5,221  400 Nm,2500.0,371.5,5.0,42807.5,1.275
